config,rep,renderer,api,binding,threads,variant,gpu_timing,status,frames,draw_count,static_scene_hash,adapter,cpu_render_ms_median,cpu_render_ms_p1,cpu_render_ms_p99,cpu_render_present_ms_median,cpu_render_present_ms_p1,cpu_render_present_ms_p99,cpu_render_gc_ms_median,cpu_render_gc_ms_p1,cpu_render_gc_ms_p99,render_ms_median,render_ms_p1,render_ms_p99,submit_ms_median,submit_ms_p1,submit_ms_p99,update_ms_median,update_ms_p1,update_ms_p99,wait_ms_median,wait_ms_p1,wait_ms_p99,gc_ms_median,gc_ms_p1,gc_ms_p99,present_ms_median,present_ms_p1,present_ms_p99,frame_ms_median,frame_ms_p1,frame_ms_p99,gpu_ms_median,gpu_ms_p1,gpu_ms_p99,paced,pacing_multiple,display_refresh_hz,window_visible_fraction,pacing_excluded,present_mode,cb_page_split,cb_page_split_command_lists,reason
native_d3d11_original_t01,rep1,native,d3d11,original,1,,0,ok,4508,50001,0x95bca375014e86d9,NVIDIA GeForce RTX 4050 Laptop GPU,2.44275,2.33191,3.26683,2.6476,2.50523,3.522,2.44275,2.33191,3.26683,2.44275,2.33191,3.26683,0,0,0,1.6947,1.6648,2.03008,0,0,0,0,0,0,0.2015,0.161614,0.310281,4.35765,4.1843,5.33943,,,,0,,120,1,0,"DXGI flip-sequential, sync interval 0, DXGI_PRESENT_ALLOW_TEARING",,,
native_d3d11_original_t01,rep2,native,d3d11,original,1,,0,ok,4863,50001,0x95bca375014e86d9,NVIDIA GeForce RTX 4050 Laptop GPU,2.1386,2.06672,2.97386,2.3446,2.23776,3.2525,2.1386,2.06672,2.97386,2.1386,2.06672,2.97386,0,0,0,1.7075,1.6827,1.98309,0,0,0,0,0,0,0.2024,0.1635,0.303542,4.0633,3.93526,5.08521,,,,0,,120,1,0,"DXGI flip-sequential, sync interval 0, DXGI_PRESENT_ALLOW_TEARING",,,
native_d3d11_original_t01,rep3,native,d3d11,original,1,,0,ok,4518,50001,0x95bca375014e86d9,NVIDIA GeForce RTX 4050 Laptop GPU,2.40495,2.30463,3.52035,2.61315,2.47149,3.7772,2.40495,2.30463,3.52035,2.40495,2.30463,3.52035,0,0,0,1.69945,1.6733,2.0241,0,0,0,0,0,0,0.2021,0.160634,0.319509,4.3336,4.15932,5.62336,,,,0,,120,1,0,"DXGI flip-sequential, sync interval 0, DXGI_PRESENT_ALLOW_TEARING",,,
native_d3d11_original_t01,rep4,native,d3d11,original,1,,0,ok,4574,50001,0x95bca375014e86d9,NVIDIA GeForce RTX 4050 Laptop GPU,2.3896,2.28737,3.21225,2.5939,2.45717,3.47395,2.3896,2.28737,3.21225,2.3896,2.28737,3.21225,0,0,0,1.6922,1.6655,1.99276,0,0,0,0,0,0,0.2,0.1612,0.297435,4.3027,4.13436,5.23075,,,,0,,120,1,0,"DXGI flip-sequential, sync interval 0, DXGI_PRESENT_ALLOW_TEARING",,,
native_d3d11_original_t01,rep5,native,d3d11,original,1,,0,ok,4498,50001,0x95bca375014e86d9,NVIDIA GeForce RTX 4050 Laptop GPU,2.4259,2.33409,3.28954,2.6328,2.50469,3.53822,2.4259,2.33409,3.28954,2.4259,2.33409,3.28954,0,0,0,1.7099,1.6788,2.0666,0,0,0,0,0,0,0.2024,0.161397,0.303806,4.3609,4.19749,5.37255,,,,0,,120,1,0,"DXGI flip-sequential, sync interval 0, DXGI_PRESENT_ALLOW_TEARING",,,
native_d3d11_original_t01,rep6,native,d3d11,original,1,,0,ok,4522,50001,0x95bca375014e86d9,NVIDIA GeForce RTX 4050 Laptop GPU,2.3976,2.30223,3.26283,2.60365,2.47102,3.5043,2.3976,2.30223,3.26283,2.3976,2.30223,3.26283,0,0,0,1.7137,1.68222,2.05763,0,0,0,0,0,0,0.2004,0.159521,0.306338,4.33355,4.16932,5.3276,,,,0,,120,1,0,"DXGI flip-sequential, sync interval 0, DXGI_PRESENT_ALLOW_TEARING",,,
diligent_d3d11_dyn_t01,rep1,diligent,d3d11,dyn,1,,0,ok,2751,50001,0x95bca375014e86d9,NVIDIA GeForce RTX 4050 Laptop GPU,5.0242,4.4058,6.8178,5.3026,4.60485,7.1451,5.0242,4.4058,6.8178,5.0242,4.4058,6.8178,0,0,0,1.7716,1.66835,2.5332,0,0,0,0,0,0,0.2618,0.17395,0.51175,7.163,6.3081,9.1181,,,,0,,120,1,0,"DXGI flip-sequential (waitable), sync interval 0, DXGI_PRESENT_ALLOW_TEARING",,,
diligent_d3d11_dyn_t01,rep2,diligent,d3d11,dyn,1,,0,ok,2773,50001,0x95bca375014e86d9,NVIDIA GeForce RTX 4050 Laptop GPU,4.9531,4.38814,6.55126,5.2605,4.59382,6.93442,4.9531,4.38814,6.55126,4.9531,4.38814,6.55126,0,0,0,1.7907,1.66427,2.52903,0,0,0,0,0,0,0.2686,0.176344,0.5273,7.134,6.30247,8.90033,,,,0,,120,1,0,"DXGI flip-sequential (waitable), sync interval 0, DXGI_PRESENT_ALLOW_TEARING",,,
diligent_d3d11_dyn_t01,rep3,diligent,d3d11,dyn,1,,0,ok,2816,50001,0x95bca375014e86d9,NVIDIA GeForce RTX 4050 Laptop GPU,4.8199,4.24123,6.61029,5.1132,4.43703,6.86758,4.8199,4.24123,6.61029,4.8199,4.24123,6.61029,0,0,0,1.82335,1.68143,2.52759,0,0,0,0,0,0,0.25225,0.17273,0.50577,6.99075,6.14643,8.90977,,,,0,,120,1,0,"DXGI flip-sequential (waitable), sync interval 0, DXGI_PRESENT_ALLOW_TEARING",,,
diligent_d3d11_dyn_t02,rep1,diligent,d3d11,dyn,2,,0,ok,3846,50001,0x95bca375014e86d9,NVIDIA GeForce RTX 4050 Laptop GPU,3.6964,3.42614,5.53563,3.91275,3.61789,5.80829,3.6964,3.42614,5.53563,3.6822,3.41338,5.5197,0.0141,0.0103,0.02511,1.172,1.0522,1.71324,0,0,0,0,0,0,0.21755,0.1711,0.383245,5.0926,4.71507,7.06132,,,,0,,120,1,0,"DXGI flip-sequential (waitable), sync interval 0, DXGI_PRESENT_ALLOW_TEARING",,,
diligent_d3d11_dyn_t02,rep2,diligent,d3d11,dyn,2,,0,ok,4057,50001,0x95bca375014e86d9,NVIDIA GeForce RTX 4050 Laptop GPU,3.6305,3.42746,5.33759,3.8518,3.61616,5.64405,3.6305,3.42746,5.33759,3.615,3.41548,5.31917,0.0139,0.0103,0.023132,0.9989,0.8441,1.25554,0,0,0,0,0,0,0.2136,0.167104,0.349288,4.841,4.49632,6.73546,,,,0,,120,1,0,"DXGI flip-sequential (waitable), sync interval 0, DXGI_PRESENT_ALLOW_TEARING",,,
diligent_d3d11_dyn_t02,rep3,diligent,d3d11,dyn,2,,0,ok,4056,50001,0x95bca375014e86d9,NVIDIA GeForce RTX 4050 Laptop GPU,3.6376,3.40211,5.30502,3.8541,3.58851,5.55381,3.6376,3.40211,5.30502,3.62415,3.39085,5.28868,0.0137,0.01,0.02459,0.9952,0.8399,1.32995,0,0,0,0,0,0,0.21605,0.169,0.379035,4.8396,4.46419,6.60766,,,,0,,120,1,0,"DXGI flip-sequential (waitable), sync interval 0, DXGI_PRESENT_ALLOW_TEARING",,,
diligent_d3d11_dyn_t04,rep1,diligent,d3d11,dyn,4,,0,ok,6731,50001,0x95bca375014e86d9,NVIDIA GeForce RTX 4050 Laptop GPU,2.0857,1.93652,3.21525,2.2829,2.10986,3.46144,2.0857,1.93652,3.21525,2.0702,1.92128,3.19274,0.0158,0.0126,0.02787,0.516,0.4286,0.72774,0,0,0,0,0,0,0.1914,0.1613,0.31092,2.7989,2.5691,4.09487,,,,0,,120,1,0,"DXGI flip-sequential (waitable), sync interval 0, DXGI_PRESENT_ALLOW_TEARING",,,
diligent_d3d11_dyn_t04,rep2,diligent,d3d11,dyn,4,,0,ok,5333,50001,0x95bca375014e86d9,NVIDIA GeForce RTX 4050 Laptop GPU,2.932,2.5958,3.89036,3.1405,2.80299,4.17164,2.932,2.5958,3.89036,2.9155,2.57876,3.87101,0.0171,0.0136,0.041636,0.5325,0.4349,0.728608,0,0,0,0,0,0,0.2031,0.168532,0.39772,3.66,3.33536,4.7672,,,,0,,120,1,0,"DXGI flip-sequential (waitable), sync interval 0, DXGI_PRESENT_ALLOW_TEARING",,,
diligent_d3d11_dyn_t04,rep3,diligent,d3d11,dyn,4,,0,ok,6413,50001,0x95bca375014e86d9,NVIDIA GeForce RTX 4050 Laptop GPU,2.2138,2.0248,3.42189,2.4471,2.2348,3.72659,2.2138,2.0248,3.42189,2.1944,2.00602,3.39939,0.0173,0.0135,0.045276,0.5183,0.4303,0.722952,0,0,0,0,0,0,0.2117,0.1709,0.432364,2.9558,2.70941,4.3439,,,,0,,120,1,0,"DXGI flip-sequential (waitable), sync interval 0, DXGI_PRESENT_ALLOW_TEARING",,,
diligent_d3d11_dyn_t04,rep4,diligent,d3d11,dyn,4,,0,ok,6293,50001,0x95bca375014e86d9,NVIDIA GeForce RTX 4050 Laptop GPU,2.2832,2.10359,3.4354,2.5055,2.30178,3.69554,2.2832,2.10359,3.4354,2.2661,2.08439,3.40858,0.0164,0.012992,0.041224,0.5236,0.4308,0.72256,0,0,0,0,0,0,0.2052,0.166184,0.403732,3.017,2.77788,4.31634,,,,0,,120,1,0,"DXGI flip-sequential (waitable), sync interval 0, DXGI_PRESENT_ALLOW_TEARING",,,
diligent_d3d11_dyn_t04,rep5,diligent,d3d11,dyn,4,,0,ok,6411,50001,0x95bca375014e86d9,NVIDIA GeForce RTX 4050 Laptop GPU,2.2231,2.03442,3.37158,2.4438,2.23421,3.6582,2.2231,2.03442,3.37158,2.2049,2.01801,3.34981,0.017,0.0133,0.0428,0.52,0.4314,0.71746,0,0,0,0,0,0,0.2049,0.16701,0.4168,2.956,2.7034,4.2756,,,,0,,120,1,0,"DXGI flip-sequential (waitable), sync interval 0, DXGI_PRESENT_ALLOW_TEARING",,,
diligent_d3d11_dyn_t04,rep6,diligent,d3d11,dyn,4,,0,ok,5592,50001,0x95bca375014e86d9,NVIDIA GeForce RTX 4050 Laptop GPU,2.7477,2.51823,3.64635,2.957,2.71077,3.89563,2.7477,2.51823,3.64635,2.73115,2.50169,3.62236,0.0167,0.013,0.028909,0.52125,0.428664,0.707236,0,0,0,0,0,0,0.2055,0.1678,0.310618,3.457,3.25778,4.51395,,,,0,,120,1,0,"DXGI flip-sequential (waitable), sync interval 0, DXGI_PRESENT_ALLOW_TEARING",,,
diligent_d3d11_dyn_t08,rep1,diligent,d3d11,dyn,8,,0,ok,6615,50001,0x95bca375014e86d9,NVIDIA GeForce RTX 4050 Laptop GPU,1.9575,1.78803,2.5334,2.635,2.03677,3.53393,1.9575,1.78803,2.5334,1.9316,1.76431,2.498,0.0241,0.017814,0.064758,0.343,0.284512,0.572988,0,0,0,0,0,0,0.6664,0.1679,1.4214,3.0058,2.37241,3.96028,,,,0,,120,1,0,"DXGI flip-sequential (waitable), sync interval 0, DXGI_PRESENT_ALLOW_TEARING",,,
diligent_d3d11_dyn_t08,rep2,diligent,d3d11,dyn,8,,0,ok,6976,50001,0x95bca375014e86d9,NVIDIA GeForce RTX 4050 Laptop GPU,1.9175,1.77658,2.41153,2.4895,2.02105,3.275,1.9175,1.77658,2.41153,1.8936,1.75503,2.36982,0.0216,0.0175,0.058975,0.3283,0.2815,0.459075,0,0,0,0,0,0,0.57365,0.1641,1.28598,2.8282,2.36368,3.6429,,,,0,,120,1,0,"DXGI flip-sequential (waitable), sync interval 0, DXGI_PRESENT_ALLOW_TEARING",,,
diligent_d3d11_dyn_t08,rep3,diligent,d3d11,dyn,8,,0,ok,5898,50001,0x95bca375014e86d9,NVIDIA GeForce RTX 4050 Laptop GPU,2.1771,1.99498,2.56922,3.10595,2.21839,4.0004,2.1771,1.99498,2.56922,2.155,1.97149,2.53342,0.0219,0.0177,0.044703,0.3261,0.2799,0.471612,0,0,0,0,0,0,0.9311,0.166797,1.73131,3.4549,2.55979,4.35887,,,,0,,120,1,0,"DXGI flip-sequential (waitable), sync interval 0, DXGI_PRESENT_ALLOW_TEARING",,,
diligent_d3d11_dyn_t08,rep4,diligent,d3d11,dyn,8,,0,ok,6452,50001,0x95bca375014e86d9,NVIDIA GeForce RTX 4050 Laptop GPU,1.9081,1.77285,2.34413,2.7744,2.0161,3.6986,1.9081,1.77285,2.34413,1.88455,1.74846,2.3167,0.0225,0.0177,0.0482,0.3263,0.280302,0.490382,0,0,0,0,0,0,0.8817,0.1692,1.67825,3.12075,2.35201,4.04932,,,,0,,120,1,0,"DXGI flip-sequential (waitable), sync interval 0, DXGI_PRESENT_ALLOW_TEARING",,,
diligent_d3d11_dyn_t08,rep5,diligent,d3d11,dyn,8,,0,ok,6474,50001,0x95bca375014e86d9,NVIDIA GeForce RTX 4050 Laptop GPU,1.9166,1.78022,2.35153,2.74295,2.01836,3.65502,1.9166,1.78022,2.35153,1.8943,1.75723,2.32432,0.0214,0.0174,0.0473,0.326,0.2791,0.463189,0,0,0,0,0,0,0.84115,0.165746,1.67435,3.09075,2.36492,4.02628,,,,0,,120,1,0,"DXGI flip-sequential (waitable), sync interval 0, DXGI_PRESENT_ALLOW_TEARING",,,
diligent_d3d11_dyn_t08,rep6,diligent,d3d11,dyn,8,,0,ok,6945,50001,0x95bca375014e86d9,NVIDIA GeForce RTX 4050 Laptop GPU,1.9113,1.77718,2.46278,2.5131,2.0319,3.23853,1.9113,1.77718,2.46278,1.8871,1.75593,2.43154,0.0216,0.0174,0.059156,0.3275,0.279244,0.446448,0,0,0,0,0,0,0.6086,0.1642,1.26935,2.8504,2.38112,3.59656,,,,0,,120,1,0,"DXGI flip-sequential (waitable), sync interval 0, DXGI_PRESENT_ALLOW_TEARING",,,
diligent_d3d11_dyn_t15,rep1,diligent,d3d11,dyn,15,,0,ok,6686,50001,0x95bca375014e86d9,NVIDIA GeForce RTX 4050 Laptop GPU,1.6368,1.11175,2.12566,2.7117,1.73672,3.66263,1.6368,1.11175,2.12566,1.59995,1.0796,2.07157,0.0355,0.0272,0.08826,0.2978,0.207825,0.41265,0,0,0,0,0,0,1.1478,0.179085,2.1761,3.0061,2.04422,3.9782,,,,0,,120,1,0,"DXGI flip-sequential (waitable), sync interval 0, DXGI_PRESENT_ALLOW_TEARING",,,
diligent_d3d11_dyn_t15,rep2,diligent,d3d11,dyn,15,,0,ok,6825,50001,0x95bca375014e86d9,NVIDIA GeForce RTX 4050 Laptop GPU,1.6112,1.07022,2.08278,2.6765,1.68283,3.56742,1.6112,1.07022,2.08278,1.5749,1.03722,2.0268,0.0339,0.0271,0.0773,0.3015,0.2099,0.422404,0,0,0,0,0,0,1.1261,0.1984,2.16572,2.9687,1.98689,3.87665,,,,0,,120,1,0,"DXGI flip-sequential (waitable), sync interval 0, DXGI_PRESENT_ALLOW_TEARING",,,
diligent_d3d11_dyn_t15,rep3,diligent,d3d11,dyn,15,,0,ok,7106,50001,0x95bca375014e86d9,NVIDIA GeForce RTX 4050 Laptop GPU,1.5851,1.07421,2.0554,2.56725,1.70036,3.41806,1.5851,1.07421,2.0554,1.5492,1.04052,2.00997,0.0338,0.0266,0.08496,0.2967,0.202305,0.38718,0,0,0,0,0,0,0.9937,0.185,2.10749,2.85375,1.98825,3.70901,,,,0,,120,1,0,"DXGI flip-sequential (waitable), sync interval 0, DXGI_PRESENT_ALLOW_TEARING",,,
diligent_d3d11_mut_t01,rep1,diligent,d3d11,mut,1,,0,ok,2032,50001,0x95bca375014e86d9,NVIDIA GeForce RTX 4050 Laptop GPU,7.565,7.00906,11.0143,7.81995,7.23986,11.2872,7.565,7.00906,11.0143,7.565,7.00906,11.0143,0,0,0,1.6698,1.64166,2.21061,0,0,0,0,0,0,0.24545,0.1915,0.48298,9.5633,8.91437,13.036,,,,0,,120,1,0,"DXGI flip-sequential (waitable), sync interval 0, DXGI_PRESENT_ALLOW_TEARING",,,
diligent_d3d11_mut_t01,rep2,diligent,d3d11,mut,1,,0,ok,2002,50001,0x95bca375014e86d9,NVIDIA GeForce RTX 4050 Laptop GPU,7.61295,7.05162,11.4636,7.8728,7.2878,11.7714,7.61295,7.05162,11.4636,7.61295,7.05162,11.4636,0,0,0,1.6775,1.644,2.27479,0,0,0,0,0,0,0.2437,0.188709,0.497695,9.62225,8.973,13.5314,,,,0,,120,1,0,"DXGI flip-sequential (waitable), sync interval 0, DXGI_PRESENT_ALLOW_TEARING",,,
diligent_d3d11_mut_t01,rep3,diligent,d3d11,mut,1,,0,ok,2028,50001,0x95bca375014e86d9,NVIDIA GeForce RTX 4050 Laptop GPU,7.5187,7.0448,11.2681,7.79515,7.27434,11.515,7.5187,7.0448,11.2681,7.5187,7.0448,11.2681,0,0,0,1.6772,1.6464,2.18447,0,0,0,0,0,0,0.2436,0.191481,0.459438,9.54845,8.95294,13.3874,,,,0,,120,1,0,"DXGI flip-sequential (waitable), sync interval 0, DXGI_PRESENT_ALLOW_TEARING",,,
diligent_d3d11_mut_t02,rep1,diligent,d3d11,mut,2,,0,ok,3310,50001,0x95bca375014e86d9,NVIDIA GeForce RTX 4050 Laptop GPU,4.76625,4.58894,6.24009,5.00235,4.80153,6.50001,4.76625,4.58894,6.24009,4.75095,4.57598,6.22325,0.0149,0.0117,0.021991,0.98875,0.8317,1.1642,0,0,0,0,0,0,0.2348,0.181436,0.317547,5.98595,5.69201,7.62751,,,,0,,120,1,0,"DXGI flip-sequential (waitable), sync interval 0, DXGI_PRESENT_ALLOW_TEARING",,,
diligent_d3d11_mut_t02,rep2,diligent,d3d11,mut,2,,0,ok,3304,50001,0x95bca375014e86d9,NVIDIA GeForce RTX 4050 Laptop GPU,4.77835,4.5921,6.31222,5.01635,4.80363,6.58819,4.77835,4.5921,6.31222,4.7631,4.57752,6.29604,0.0154,0.0125,0.0223,0.98405,0.8327,1.14608,0,0,0,0,0,0,0.2349,0.181309,0.320982,5.997,5.6897,7.66967,,,,0,,120,1,0,"DXGI flip-sequential (waitable), sync interval 0, DXGI_PRESENT_ALLOW_TEARING",,,
diligent_d3d11_mut_t02,rep3,diligent,d3d11,mut,2,,0,ok,3482,50001,0x95bca375014e86d9,NVIDIA GeForce RTX 4050 Laptop GPU,4.48055,4.28956,6.15941,4.7162,4.50775,6.40724,4.48055,4.28956,6.15941,4.465,4.27679,6.1452,0.0153,0.0122,0.022919,0.95135,0.8355,1.13904,0,0,0,0,0,0,0.2329,0.184481,0.318838,5.68245,5.38398,7.4436,,,,0,,120,1,0,"DXGI flip-sequential (waitable), sync interval 0, DXGI_PRESENT_ALLOW_TEARING",,,
diligent_d3d11_mut_t02,rep4,diligent,d3d11,mut,2,,0,ok,3459,50001,0x95bca375014e86d9,NVIDIA GeForce RTX 4050 Laptop GPU,4.5218,4.33802,6.1634,4.754,4.55026,6.40578,4.5218,4.33802,6.1634,4.506,4.32475,6.14665,0.0154,0.0123,0.022942,0.9543,0.831916,1.14437,0,0,0,0,0,0,0.2312,0.180316,0.305884,5.7269,5.43186,7.41489,,,,0,,120,1,0,"DXGI flip-sequential (waitable), sync interval 0, DXGI_PRESENT_ALLOW_TEARING",,,
diligent_d3d11_mut_t02,rep5,diligent,d3d11,mut,2,,0,ok,3341,50001,0x95bca375014e86d9,NVIDIA GeForce RTX 4050 Laptop GPU,4.7001,4.51866,6.24152,4.9466,4.74288,6.48808,4.7001,4.51866,6.24152,4.6841,4.50394,6.2253,0.0161,0.0125,0.02346,0.9797,0.8334,1.18584,0,0,0,0,0,0,0.2457,0.1887,0.33076,5.9285,5.6331,7.59594,,,,0,,120,1,0,"DXGI flip-sequential (waitable), sync interval 0, DXGI_PRESENT_ALLOW_TEARING",,,
diligent_d3d11_mut_t02,rep6,diligent,d3d11,mut,2,,0,ok,3478,50001,0x95bca375014e86d9,NVIDIA GeForce RTX 4050 Laptop GPU,4.48275,4.29146,6.18125,4.7206,4.49986,6.43503,4.48275,4.29146,6.18125,4.46765,4.27908,6.16508,0.0151,0.011877,0.0219,0.9489,0.8306,1.13679,0,0,0,0,0,0,0.2349,0.182631,0.323838,5.6825,5.39222,7.49247,,,,0,,120,1,0,"DXGI flip-sequential (waitable), sync interval 0, DXGI_PRESENT_ALLOW_TEARING",,,
diligent_d3d11_mut_t04,rep1,diligent,d3d11,mut,4,,0,ok,5613,50001,0x95bca375014e86d9,NVIDIA GeForce RTX 4050 Laptop GPU,2.7004,2.53471,3.76327,2.9197,2.73245,4.02116,2.7004,2.53471,3.76327,2.6825,2.5192,3.74254,0.017,0.0142,0.0316,0.5146,0.427912,0.700216,0,0,0,0,0,0,0.2139,0.182012,0.310544,3.4275,3.19294,4.63151,,,,0,,120,1,0,"DXGI flip-sequential (waitable), sync interval 0, DXGI_PRESENT_ALLOW_TEARING",,,
diligent_d3d11_mut_t04,rep2,diligent,d3d11,mut,4,,0,ok,5483,50001,0x95bca375014e86d9,NVIDIA GeForce RTX 4050 Laptop GPU,2.8032,2.63953,3.84925,3.0198,2.8397,4.11422,2.8032,2.63953,3.84925,2.7863,2.62458,3.82959,0.0162,0.0134,0.0309,0.5062,0.428782,0.686006,0,0,0,0,0,0,0.214,0.1813,0.297118,3.5247,3.31059,4.72836,,,,0,,120,1,0,"DXGI flip-sequential (waitable), sync interval 0, DXGI_PRESENT_ALLOW_TEARING",,,
diligent_d3d11_mut_t04,rep3,diligent,d3d11,mut,4,,0,ok,5536,50001,0x95bca375014e86d9,NVIDIA GeForce RTX 4050 Laptop GPU,2.7284,2.55727,3.86577,2.94555,2.75571,4.1447,2.7284,2.55727,3.86577,2.71015,2.54114,3.84285,0.0173,0.0145,0.0316,0.53085,0.434635,0.710715,0,0,0,0,0,0,0.2144,0.179235,0.2966,3.4689,3.227,4.76404,,,,0,,120,1,0,"DXGI flip-sequential (waitable), sync interval 0, DXGI_PRESENT_ALLOW_TEARING",,,
diligent_d3d11_mut_t08,rep1,diligent,d3d11,mut,8,,0,ok,6294,50001,0x95bca375014e86d9,NVIDIA GeForce RTX 4050 Laptop GPU,2.282,2.04936,3.28417,2.7478,2.41196,3.67807,2.282,2.04936,3.28417,2.25335,2.02505,3.24827,0.0267,0.0195,0.058807,0.37955,0.3194,0.608789,0,0,0,0,0,0,0.3811,0.189093,1.15703,3.1335,2.77999,4.11002,,,,0,,120,1,0,"DXGI flip-sequential (waitable), sync interval 0, DXGI_PRESENT_ALLOW_TEARING",,,
diligent_d3d11_mut_t08,rep2,diligent,d3d11,mut,8,,0,ok,6510,50001,0x95bca375014e86d9,NVIDIA GeForce RTX 4050 Laptop GPU,2.2458,2.0294,2.94215,2.699,2.33401,3.37037,2.2458,2.0294,2.94215,2.2193,2.00657,2.9156,0.0242,0.0199,0.062782,0.3267,0.281118,0.468128,0,0,0,0,0,0,0.34825,0.177327,1.07754,3.04115,2.66738,3.73658,,,,0,,120,1,0,"DXGI flip-sequential (waitable), sync interval 0, DXGI_PRESENT_ALLOW_TEARING",,,
diligent_d3d11_mut_t08,rep3,diligent,d3d11,mut,8,,0,ok,6135,50001,0x95bca375014e86d9,NVIDIA GeForce RTX 4050 Laptop GPU,2.202,2.05153,2.89549,2.886,2.34973,3.76655,2.202,2.05153,2.89549,2.1778,2.02953,2.85968,0.0232,0.0194,0.05,0.3298,0.284234,0.492992,0,0,0,0,0,0,0.655,0.182134,1.45464,3.2298,2.68537,4.15675,,,,0,,120,1,0,"DXGI flip-sequential (waitable), sync interval 0, DXGI_PRESENT_ALLOW_TEARING",,,
diligent_d3d11_mut_t15,rep1,diligent,d3d11,mut,15,,0,ok,6093,50001,0x95bca375014e86d9,NVIDIA GeForce RTX 4050 Laptop GPU,2.0901,1.35339,2.7632,2.977,2.07552,3.93686,2.0901,1.35339,2.7632,2.0506,1.31743,2.70464,0.0384,0.0293,0.097416,0.3007,0.216052,0.42994,0,0,0,0,0,0,0.9421,0.187792,2.03145,3.2768,2.38426,4.24058,,,,0,,120,1,0,"DXGI flip-sequential (waitable), sync interval 0, DXGI_PRESENT_ALLOW_TEARING",,,
diligent_d3d11_mut_t15,rep2,diligent,d3d11,mut,15,,0,ok,6046,50001,0x95bca375014e86d9,NVIDIA GeForce RTX 4050 Laptop GPU,2.11255,1.34329,2.73552,3.00755,2.05585,3.94124,2.11255,1.34329,2.73552,2.07275,1.30882,2.68785,0.0376,0.0286,0.088765,0.3006,0.216035,0.416385,0,0,0,0,0,0,0.97135,0.182245,2.06915,3.30545,2.36566,4.25455,,,,0,,120,1,0,"DXGI flip-sequential (waitable), sync interval 0, DXGI_PRESENT_ALLOW_TEARING",,,
diligent_d3d11_mut_t15,rep3,diligent,d3d11,mut,15,,0,ok,6464,50001,0x95bca375014e86d9,NVIDIA GeForce RTX 4050 Laptop GPU,1.9632,1.31925,2.59902,2.79125,1.97473,3.74386,1.9632,1.31925,2.59902,1.92475,1.28443,2.54318,0.0369,0.0283,0.0882,0.2988,0.2115,0.413522,0,0,0,0,0,0,0.89575,0.186226,2.00509,3.08685,2.2744,4.05637,,,,0,,120,1,0,"DXGI flip-sequential (waitable), sync interval 0, DXGI_PRESENT_ALLOW_TEARING",,,
diligent_d3d11_mut_t15,rep4,diligent,d3d11,mut,15,,0,ok,6733,50001,0x95bca375014e86d9,NVIDIA GeForce RTX 4050 Laptop GPU,1.9823,1.3328,2.57131,2.6694,1.94754,3.60776,1.9823,1.3328,2.57131,1.9398,1.29683,2.52094,0.0377,0.0286,0.088368,0.2983,0.206932,0.418772,0,0,0,0,0,0,0.691,0.1801,2.02208,2.9654,2.24328,3.90157,,,,0,,120,1,0,"DXGI flip-sequential (waitable), sync interval 0, DXGI_PRESENT_ALLOW_TEARING",,,
diligent_d3d11_mut_t15,rep5,diligent,d3d11,mut,15,,0,ok,6089,50001,0x95bca375014e86d9,NVIDIA GeForce RTX 4050 Laptop GPU,2.1059,1.34807,2.77899,2.9889,2.02419,3.98322,2.1059,1.34807,2.77899,2.0661,1.31213,2.72324,0.0375,0.0285,0.088548,0.2987,0.209188,0.404044,0,0,0,0,0,0,0.95,0.183888,2.13686,3.2869,2.3237,4.28192,,,,0,,120,1,0,"DXGI flip-sequential (waitable), sync interval 0, DXGI_PRESENT_ALLOW_TEARING",,,
diligent_d3d11_mut_t15,rep6,diligent,d3d11,mut,15,,0,ok,6441,50001,0x95bca375014e86d9,NVIDIA GeForce RTX 4050 Laptop GPU,1.9636,1.31862,2.55368,2.813,1.9767,3.74592,1.9636,1.31862,2.55368,1.9252,1.28484,2.50218,0.0365,0.0278,0.0866,0.2984,0.20786,0.41882,0,0,0,0,0,0,0.9055,0.1869,2.08692,3.1072,2.27844,4.05402,,,,0,,120,1,0,"DXGI flip-sequential (waitable), sync interval 0, DXGI_PRESENT_ALLOW_TEARING",,,
diligent_d3d11_tex_mut_t01,rep1,diligent,d3d11,tex_mut,1,,0,ok,3262,50001,0x95bca375014e86d9,NVIDIA GeForce RTX 4050 Laptop GPU,3.8115,3.45714,5.7482,4.0489,3.64014,6.09475,3.8115,3.45714,5.7482,3.8115,3.45714,5.7482,0,0,0,1.76645,1.68566,2.49527,0,0,0,0,0,0,0.2297,0.1688,0.468295,5.92825,5.34476,8.10303,,,,0,,120,1,0,"DXGI flip-sequential (waitable), sync interval 0, DXGI_PRESENT_ALLOW_TEARING",,,
diligent_d3d11_tex_mut_t01,rep2,diligent,d3d11,tex_mut,1,,0,ok,3205,50001,0x95bca375014e86d9,NVIDIA GeForce RTX 4050 Laptop GPU,3.986,3.62231,5.51834,4.2681,3.80585,5.85482,3.986,3.62231,5.51834,3.986,3.62231,5.51834,0,0,0,1.7745,1.6737,2.50643,0,0,0,0,0,0,0.2465,0.171304,0.484488,6.1322,5.50367,7.88795,,,,0,,120,1,0,"DXGI flip-sequential (waitable), sync interval 0, DXGI_PRESENT_ALLOW_TEARING",,,
diligent_d3d11_tex_mut_t01,rep3,diligent,d3d11,tex_mut,1,,0,ok,3235,50001,0x95bca375014e86d9,NVIDIA GeForce RTX 4050 Laptop GPU,3.9242,3.59684,5.37585,4.1981,3.78087,5.73396,3.9242,3.59684,5.37585,3.9242,3.59684,5.37585,0,0,0,1.7813,1.6746,2.50328,0,0,0,0,0,0,0.2412,0.1718,0.50453,6.0801,5.47724,7.68381,,,,0,,120,1,0,"DXGI flip-sequential (waitable), sync interval 0, DXGI_PRESENT_ALLOW_TEARING",,,
diligent_d3d11_tex_mut_t02,rep1,diligent,d3d11,tex_mut,2,,0,ok,4722,50001,0x95bca375014e86d9,NVIDIA GeForce RTX 4050 Laptop GPU,2.9735,2.83922,4.4275,3.18375,3.02446,4.68243,2.9735,2.83922,4.4275,2.9603,2.82678,4.40986,0.0134,0.01,0.021979,1.0015,0.838521,1.19397,0,0,0,0,0,0,0.2092,0.1685,0.308595,4.1828,3.9056,5.73691,,,,0,,120,1,0,"DXGI flip-sequential (waitable), sync interval 0, DXGI_PRESENT_ALLOW_TEARING",,,
diligent_d3d11_tex_mut_t02,rep2,diligent,d3d11,tex_mut,2,,0,ok,5342,50001,0x95bca375014e86d9,NVIDIA GeForce RTX 4050 Laptop GPU,2.5097,2.40814,3.92791,2.71475,2.58354,4.18766,2.5097,2.40814,3.92791,2.49695,2.39748,3.91051,0.0127,0.0094,0.021118,0.95795,0.838823,1.15151,0,0,0,0,0,0,0.2031,0.1642,0.306895,3.69445,3.45652,5.25133,,,,0,,120,1,0,"DXGI flip-sequential (waitable), sync interval 0, DXGI_PRESENT_ALLOW_TEARING",,,
diligent_d3d11_tex_mut_t02,rep3,diligent,d3d11,tex_mut,2,,0,ok,5355,50001,0x95bca375014e86d9,NVIDIA GeForce RTX 4050 Laptop GPU,2.4983,2.40095,3.87171,2.7069,2.58081,4.09257,2.4983,2.40095,3.87171,2.4849,2.38975,3.85306,0.0132,0.01,0.022046,0.9612,0.844554,1.13251,0,0,0,0,0,0,0.2036,0.1657,0.297546,3.6881,3.45461,5.21525,,,,0,,120,1,0,"DXGI flip-sequential (waitable), sync interval 0, DXGI_PRESENT_ALLOW_TEARING",,,
diligent_d3d11_tex_mut_t02,rep4,diligent,d3d11,tex_mut,2,,0,ok,5168,50001,0x95bca375014e86d9,NVIDIA GeForce RTX 4050 Laptop GPU,2.63115,2.5317,4.14748,2.83985,2.7114,4.41136,2.63115,2.5317,4.14748,2.6177,2.51951,4.13044,0.0132,0.0099,0.0207,0.96535,0.838767,1.18697,0,0,0,0,0,0,0.2055,0.1669,0.294332,3.822,3.58313,5.44763,,,,0,,120,1,0,"DXGI flip-sequential (waitable), sync interval 0, DXGI_PRESENT_ALLOW_TEARING",,,
diligent_d3d11_tex_mut_t02,rep5,diligent,d3d11,tex_mut,2,,0,ok,4802,50001,0x95bca375014e86d9,NVIDIA GeForce RTX 4050 Laptop GPU,2.9032,2.7699,4.27889,3.11485,2.9534,4.50954,2.9032,2.7699,4.27889,2.8899,2.7591,4.26325,0.0135,0.0099,0.022097,0.99605,0.845301,1.19775,0,0,0,0,0,0,0.21155,0.1713,0.2978,4.1136,3.8427,5.55246,,,,0,,120,1,0,"DXGI flip-sequential (waitable), sync interval 0, DXGI_PRESENT_ALLOW_TEARING",,,
diligent_d3d11_tex_mut_t02,rep6,diligent,d3d11,tex_mut,2,,0,ok,5339,50001,0x95bca375014e86d9,NVIDIA GeForce RTX 4050 Laptop GPU,2.5041,2.39855,4.11178,2.7089,2.58064,4.36875,2.5041,2.39855,4.11178,2.4906,2.38645,4.09479,0.0131,0.0099,0.0217,0.9606,0.8399,1.2048,0,0,0,0,0,0,0.2025,0.1664,0.294924,3.691,3.45068,5.43329,,,,0,,120,1,0,"DXGI flip-sequential (waitable), sync interval 0, DXGI_PRESENT_ALLOW_TEARING",,,
diligent_d3d11_tex_mut_t04,rep1,diligent,d3d11,tex_mut,4,,0,ok,5677,50001,0x95bca375014e86d9,NVIDIA GeForce RTX 4050 Laptop GPU,2.598,2.2351,3.07019,2.8348,2.46856,3.37822,2.598,2.2351,3.07019,2.5802,2.21622,3.04881,0.0179,0.0133,0.036024,0.6487,0.5326,0.89572,0,0,0,0,0,0,0.2368,0.185076,0.39042,3.5055,3.13439,4.10247,,,,0,,120,1,0,"DXGI flip-sequential (waitable), sync interval 0, DXGI_PRESENT_ALLOW_TEARING",,,
diligent_d3d11_tex_mut_t04,rep2,diligent,d3d11,tex_mut,4,,0,ok,7510,50001,0x95bca375014e86d9,NVIDIA GeForce RTX 4050 Laptop GPU,1.7875,1.62283,2.80949,2.01865,1.80941,3.05295,1.7875,1.62283,2.80949,1.7704,1.6048,2.78861,0.0166,0.0132,0.047,0.51225,0.4322,0.70411,0,0,0,0,0,0,0.2019,0.164409,0.4052,2.5218,2.2889,3.67842,,,,0,,120,1,0,"DXGI flip-sequential (waitable), sync interval 0, DXGI_PRESENT_ALLOW_TEARING",,,
diligent_d3d11_tex_mut_t04,rep3,diligent,d3d11,tex_mut,4,,0,ok,7555,50001,0x95bca375014e86d9,NVIDIA GeForce RTX 4050 Laptop GPU,1.7722,1.60591,2.81091,2.0145,1.80125,3.05837,1.7722,1.60591,2.81091,1.754,1.58889,2.7911,0.0166,0.0132,0.0474,0.502,0.4314,0.696684,0,0,0,0,0,0,0.2096,0.166554,0.42526,2.5086,2.28002,3.68504,,,,0,,120,1,0,"DXGI flip-sequential (waitable), sync interval 0, DXGI_PRESENT_ALLOW_TEARING",,,
diligent_d3d11_tex_mut_t04,rep4,diligent,d3d11,tex_mut,4,,0,ok,6082,50001,0x95bca375014e86d9,NVIDIA GeForce RTX 4050 Laptop GPU,2.4991,2.11524,3.27925,2.69995,2.30999,3.54689,2.4991,2.11524,3.27925,2.4818,2.09821,3.25703,0.0167,0.0133,0.0365,0.5223,0.4316,0.705157,0,0,0,0,0,0,0.1998,0.166981,0.405766,3.18985,2.85075,4.13582,,,,0,,120,1,0,"DXGI flip-sequential (waitable), sync interval 0, DXGI_PRESENT_ALLOW_TEARING",,,
diligent_d3d11_tex_mut_t04,rep5,diligent,d3d11,tex_mut,4,,0,ok,7529,50001,0x95bca375014e86d9,NVIDIA GeForce RTX 4050 Laptop GPU,1.8031,1.64416,2.81072,2.0227,1.82256,3.05717,1.8031,1.64416,2.81072,1.7862,1.6283,2.7907,0.0157,0.0124,0.037572,0.5002,0.427328,0.68148,0,0,0,0,0,0,0.1978,0.160928,0.38152,2.5157,2.28508,3.69314,,,,0,,120,1,0,"DXGI flip-sequential (waitable), sync interval 0, DXGI_PRESENT_ALLOW_TEARING",,,
diligent_d3d11_tex_mut_t04,rep6,diligent,d3d11,tex_mut,4,,0,ok,6865,50001,0x95bca375014e86d9,NVIDIA GeForce RTX 4050 Laptop GPU,2.1293,1.78642,3.0691,2.3232,1.96226,3.29912,2.1293,1.78642,3.0691,2.1133,1.77109,3.0527,0.0159,0.0127,0.0291,0.5239,0.4311,0.698004,0,0,0,0,0,0,0.19,0.1604,0.321168,2.8354,2.41926,3.85597,,,,0,,120,1,0,"DXGI flip-sequential (waitable), sync interval 0, DXGI_PRESENT_ALLOW_TEARING",,,
diligent_d3d11_tex_mut_t08,rep1,diligent,d3d11,tex_mut,8,,0,ok,6559,50001,0x95bca375014e86d9,NVIDIA GeForce RTX 4050 Laptop GPU,1.8445,1.62972,2.25001,2.7517,1.84762,3.71021,1.8445,1.62972,2.25001,1.8222,1.60573,2.21626,0.0218,0.0177,0.0477,0.3249,0.2777,0.472404,0,0,0,0,0,0,0.9093,0.1646,1.73937,3.0907,2.18912,4.07305,,,,0,,120,1,0,"DXGI flip-sequential (waitable), sync interval 0, DXGI_PRESENT_ALLOW_TEARING",,,
diligent_d3d11_tex_mut_t08,rep2,diligent,d3d11,tex_mut,8,,0,ok,6536,50001,0x95bca375014e86d9,NVIDIA GeForce RTX 4050 Laptop GPU,1.7859,1.58971,2.13199,2.8021,1.81418,3.7366,1.7859,1.58971,2.13199,1.76395,1.56533,2.10163,0.0217,0.0176,0.04693,0.325,0.2773,0.45566,0,0,0,0,0,0,1.0083,0.1671,1.84268,3.1412,2.16052,4.08923,,,,0,,120,1,0,"DXGI flip-sequential (waitable), sync interval 0, DXGI_PRESENT_ALLOW_TEARING",,,
diligent_d3d11_tex_mut_t08,rep3,diligent,d3d11,tex_mut,8,,0,ok,6436,50001,0x95bca375014e86d9,NVIDIA GeForce RTX 4050 Laptop GPU,1.8477,1.63288,2.25906,2.83655,1.86664,3.83668,1.8477,1.63288,2.25906,1.82475,1.6078,2.23442,0.0221,0.018,0.04793,0.3264,0.2801,0.47054,0,0,0,0,0,0,1.00435,0.1668,1.83565,3.18455,2.2124,4.19389,,,,0,,120,1,0,"DXGI flip-sequential (waitable), sync interval 0, DXGI_PRESENT_ALLOW_TEARING",,,
diligent_d3d11_tex_mut_t15,rep1,diligent,d3d11,tex_mut,15,,0,ok,6745,50001,0x95bca375014e86d9,NVIDIA GeForce RTX 4050 Laptop GPU,1.5105,0.965032,1.96773,2.6565,1.65055,3.67856,1.5105,0.965032,1.96773,1.4748,0.9324,1.91966,0.0343,0.0265,0.070556,0.2971,0.209944,0.403016,0,0,0,0,0,0,1.2107,0.181988,2.17851,2.9472,1.94958,3.97948,,,,0,,120,1,0,"DXGI flip-sequential (waitable), sync interval 0, DXGI_PRESENT_ALLOW_TEARING",,,
diligent_d3d11_tex_mut_t15,rep2,diligent,d3d11,tex_mut,15,,0,ok,6880,50001,0x95bca375014e86d9,NVIDIA GeForce RTX 4050 Laptop GPU,1.4895,0.944137,1.96023,2.60395,1.64094,3.5643,1.4895,0.944137,1.96023,1.45365,0.911237,1.91414,0.0333,0.026,0.071463,0.2966,0.206879,0.396063,0,0,0,0,0,0,1.15015,0.186179,2.15977,2.8949,1.95086,3.86759,,,,0,,120,1,0,"DXGI flip-sequential (waitable), sync interval 0, DXGI_PRESENT_ALLOW_TEARING",,,
diligent_d3d11_tex_mut_t15,rep3,diligent,d3d11,tex_mut,15,,0,ok,6904,50001,0x95bca375014e86d9,NVIDIA GeForce RTX 4050 Laptop GPU,1.49165,0.949709,1.98537,2.5957,1.62954,3.58486,1.49165,0.949709,1.98537,1.45705,0.917103,1.93668,0.0336,0.0262,0.073397,0.296,0.2067,0.3952,0,0,0,0,0,0,1.14185,0.181903,2.13729,2.8861,1.93685,3.8826,,,,0,,120,1,0,"DXGI flip-sequential (waitable), sync interval 0, DXGI_PRESENT_ALLOW_TEARING",,,
nvrhi_d3d11_mut_t01,rep1,nvrhi,d3d11,mut,1,,0,ok,1462,50001,0x95bca375014e86d9,NVIDIA GeForce RTX 4050 Laptop GPU,11.3265,10.7408,14.5441,11.579,10.9851,14.8168,11.3285,10.7428,14.5466,11.3228,10.7374,14.5381,0.0035,0.0028,0.006439,1.6595,1.63398,2.15969,0.0023,0.0018,0.005839,0.002,0.0015,0.005439,0.24335,0.186622,0.44732,13.3401,12.6865,16.5259,,,,0,,120,1,0,"DXGI, sync interval 0, no tearing flag",n/a,0,
nvrhi_d3d11_mut_t01,rep2,nvrhi,d3d11,mut,1,,0,ok,1401,50001,0x95bca375014e86d9,NVIDIA GeForce RTX 4050 Laptop GPU,11.9264,10.8806,16.8524,12.1948,11.1294,17.1038,11.9293,10.8824,16.8543,11.9225,10.877,16.8488,0.0036,0.0028,0.0071,1.6673,1.6366,2.2784,0.0027,0.002,0.0069,0.0023,0.0017,0.0065,0.2441,0.19,0.4842,13.9488,12.8448,18.7804,,,,0,,120,1,0,"DXGI, sync interval 0, no tearing flag",n/a,0,
nvrhi_d3d11_mut_t01,rep3,nvrhi,d3d11,mut,1,,0,ok,1433,50001,0x95bca375014e86d9,NVIDIA GeForce RTX 4050 Laptop GPU,11.5102,10.7696,16.1364,11.766,11.017,16.3568,11.5124,10.7716,16.1381,11.5071,10.7652,16.1327,0.0036,0.002832,0.006568,1.6675,1.6368,2.30571,0.0023,0.0018,0.006,0.002,0.0015,0.0055,0.2437,0.189388,0.450492,13.5242,12.725,18.11,,,,0,,120,1,0,"DXGI, sync interval 0, no tearing flag",n/a,0,
nvrhi_d3d11_mut_t01,rep4,nvrhi,d3d11,mut,1,,0,ok,1409,50001,0x95bca375014e86d9,NVIDIA GeForce RTX 4050 Laptop GPU,11.8569,10.7371,16.6692,12.1036,10.9858,16.909,11.8588,10.7394,16.6711,11.8533,10.733,16.6654,0.0037,0.0029,0.007292,1.666,1.6353,2.32644,0.0027,0.002,0.007092,0.0023,0.0017,0.006592,0.2439,0.18864,0.457576,13.8545,12.708,18.7266,,,,0,,120,1,0,"DXGI, sync interval 0, no tearing flag",n/a,0,
nvrhi_d3d11_mut_t01,rep5,nvrhi,d3d11,mut,1,,0,ok,1419,50001,0x95bca375014e86d9,NVIDIA GeForce RTX 4050 Laptop GPU,11.6814,10.7559,16.8384,11.9258,11.0044,17.2194,11.6834,10.758,16.8417,11.6781,10.7525,16.8342,0.0037,0.0029,0.0068,1.664,1.63352,2.33213,0.0026,0.0019,0.0067,0.0022,0.0017,0.006364,0.2427,0.187454,0.462978,13.6567,12.7312,19.1029,,,,0,,120,1,0,"DXGI, sync interval 0, no tearing flag",n/a,0,
nvrhi_d3d11_mut_t01,rep6,nvrhi,d3d11,mut,1,,0,ok,1468,50001,0x95bca375014e86d9,NVIDIA GeForce RTX 4050 Laptop GPU,11.2561,10.8305,14.6487,11.4965,11.0745,14.8984,11.2584,10.8327,14.6507,11.2527,10.8266,14.6452,0.0037,0.003,0.0061,1.6598,1.6354,2.07056,0.0025,0.001967,0.0052,0.002,0.0016,0.004733,0.2438,0.188534,0.413956,13.221,12.7771,16.612,,,,0,,120,1,0,"DXGI, sync interval 0, no tearing flag",n/a,0,
nvrhi_d3d11_tex_mut_t01,rep1,nvrhi,d3d11,tex_mut,1,,0,ok,2984,50001,0x95bca375014e86d9,NVIDIA GeForce RTX 4050 Laptop GPU,4.0767,3.48811,8.21302,4.3333,3.66843,8.56438,4.0787,3.48999,8.21563,4.07395,3.48511,8.20852,0.0031,0.002,0.0072,1.741,1.67288,2.417,0.0027,0.0014,0.007968,0.0023,0.0012,0.007317,0.2275,0.166283,0.555376,6.22415,5.39689,10.5,,,,0,,120,1,0,"DXGI, sync interval 0, no tearing flag",n/a,0,
nvrhi_d3d11_tex_mut_t01,rep2,nvrhi,d3d11,tex_mut,1,,0,ok,3046,50001,0x95bca375014e86d9,NVIDIA GeForce RTX 4050 Laptop GPU,4.02365,3.52445,7.69281,4.2841,3.70562,8.04725,4.02715,3.52625,7.69514,4.0203,3.52219,7.68707,0.003,0.0019,0.007255,1.72335,1.65963,2.35771,0.0028,0.0016,0.00831,0.0023,0.0013,0.0077,0.22905,0.167235,0.527665,6.1387,5.40861,9.94108,,,,0,,120,1,0,"DXGI, sync interval 0, no tearing flag",n/a,0,
nvrhi_d3d11_tex_mut_t01,rep3,nvrhi,d3d11,tex_mut,1,,0,ok,2830,50001,0x95bca375014e86d9,NVIDIA GeForce RTX 4050 Laptop GPU,4.5881,3.8689,8.49417,4.8655,4.0543,8.7293,4.5904,3.87135,8.49598,4.5844,3.8665,8.49121,0.0032,0.002,0.0072,1.7169,1.65939,2.35024,0.0028,0.0016,0.007171,0.0024,0.0013,0.0066,0.23,0.169629,0.545813,6.7135,5.76337,10.6472,,,,0,,120,1,0,"DXGI, sync interval 0, no tearing flag",n/a,0,
nvrhi_d3d11_tex_mut_t01,rep4,nvrhi,d3d11,tex_mut,1,,0,ok,2900,50001,0x95bca375014e86d9,NVIDIA GeForce RTX 4050 Laptop GPU,4.3809,3.7955,7.86316,4.6438,3.98069,8.22633,4.38385,3.7975,7.86576,4.3757,3.7929,7.85598,0.0034,0.0022,0.007501,1.75165,1.675,2.42711,0.0029,0.0016,0.008,0.0024,0.0013,0.0074,0.2311,0.168296,0.584352,6.55065,5.6984,10.1549,,,,0,,120,1,0,"DXGI, sync interval 0, no tearing flag",n/a,0,
nvrhi_d3d11_tex_mut_t01,rep5,nvrhi,d3d11,tex_mut,1,,0,ok,3083,50001,0x95bca375014e86d9,NVIDIA GeForce RTX 4050 Laptop GPU,3.9885,3.50373,7.62537,4.2423,3.68134,7.95019,3.99,3.50556,7.62784,3.9857,3.50131,7.62078,0.0032,0.002,0.006918,1.7092,1.65285,2.32654,0.0025,0.0015,0.007118,0.0021,0.001182,0.0066,0.2223,0.165482,0.494078,6.0797,5.37495,9.82024,,,,0,,120,1,0,"DXGI, sync interval 0, no tearing flag",n/a,0,
nvrhi_d3d11_tex_mut_t01,rep6,nvrhi,d3d11,tex_mut,1,,0,ok,2830,50001,0x95bca375014e86d9,NVIDIA GeForce RTX 4050 Laptop GPU,4.5634,3.83801,8.54875,4.8396,4.02747,8.87018,4.56575,3.84106,8.55081,4.5592,3.83572,8.54226,0.0034,0.0022,0.0076,1.71735,1.65196,2.3903,0.003,0.0017,0.008171,0.0025,0.0013,0.0073,0.2356,0.173858,0.554468,6.6768,5.7315,10.7071,,,,0,,120,1,0,"DXGI, sync interval 0, no tearing flag",n/a,0,
nvrhi_d3d11_tex_mut_pc_t01,rep1,nvrhi,d3d11,tex_mut_pc,1,,0,ok,3285,50001,0x95bca375014e86d9,NVIDIA GeForce RTX 4050 Laptop GPU,3.966,3.71255,5.57152,4.2014,3.90644,5.88744,3.9687,3.7146,5.57388,3.9633,3.71034,5.56773,0.0031,0.0019,0.006916,1.7124,1.6708,2.28774,0.0027,0.0016,0.007,0.0023,0.0012,0.0064,0.221,0.172884,0.48708,5.9924,5.63041,7.77662,,,,0,,120,1,0,"DXGI, sync interval 0, no tearing flag",n/a,0,
nvrhi_d3d11_tex_mut_pc_t01,rep2,nvrhi,d3d11,tex_mut_pc,1,,0,ok,3218,50001,0x95bca375014e86d9,NVIDIA GeForce RTX 4050 Laptop GPU,4.06525,3.7197,5.06983,4.31925,3.90472,5.38257,4.0679,3.72257,5.07251,4.06215,3.71728,5.06259,0.0029,0.0018,0.0066,1.76555,1.67345,2.4146,0.0028,0.0016,0.008,0.0024,0.0013,0.007483,0.2298,0.161817,0.567964,6.1653,5.6235,7.40213,,,,0,,120,1,0,"DXGI, sync interval 0, no tearing flag",n/a,0,
nvrhi_d3d11_tex_mut_pc_t01,rep3,nvrhi,d3d11,tex_mut_pc,1,,0,ok,3113,50001,0x95bca375014e86d9,NVIDIA GeForce RTX 4050 Laptop GPU,4.2779,3.84696,5.59582,4.5576,4.03014,5.8793,4.2809,3.84927,5.60005,4.2744,3.84438,5.5927,0.0031,0.0018,0.0069,1.7345,1.6599,2.38634,0.0027,0.0014,0.007588,0.0023,0.0011,0.0069,0.2369,0.162636,0.567184,6.3596,5.73871,7.75119,,,,0,,120,1,0,"DXGI, sync interval 0, no tearing flag",n/a,0,
nvrhi_d3d11_tex_mut_pc_t01,rep4,nvrhi,d3d11,tex_mut_pc,1,,0,ok,3138,50001,0x95bca375014e86d9,NVIDIA GeForce RTX 4050 Laptop GPU,4.17375,3.83101,5.35063,4.43725,4.01139,5.64832,4.17625,3.83343,5.35521,4.17055,3.82857,5.34694,0.0032,0.0018,0.007163,1.7962,1.6804,2.44222,0.0027,0.0015,0.007263,0.0022,0.0011,0.0066,0.2341,0.164348,0.604983,6.3253,5.73741,7.64209,,,,0,,120,1,0,"DXGI, sync interval 0, no tearing flag",n/a,0,
nvrhi_d3d11_tex_mut_pc_t01,rep5,nvrhi,d3d11,tex_mut_pc,1,,0,ok,3227,50001,0x95bca375014e86d9,NVIDIA GeForce RTX 4050 Laptop GPU,4.0595,3.707,5.12917,4.3211,3.89668,5.43506,4.0627,3.7091,5.13165,4.0558,3.70485,5.12507,0.0031,0.0019,0.0073,1.74,1.6577,2.36656,0.0028,0.0015,0.0076,0.0024,0.0013,0.006974,0.2328,0.163526,0.596558,6.156,5.59036,7.41058,,,,0,,120,1,0,"DXGI, sync interval 0, no tearing flag",n/a,0,
nvrhi_d3d11_tex_mut_pc_t01,rep6,nvrhi,d3d11,tex_mut_pc,1,,0,ok,3067,50001,0x95bca375014e86d9,NVIDIA GeForce RTX 4050 Laptop GPU,4.3346,3.8173,5.61763,4.6053,4.01373,5.94894,4.3367,3.81972,5.62132,4.3315,3.81523,5.61281,0.0032,0.0019,0.007434,1.7521,1.65413,2.42704,0.0029,0.0016,0.0082,0.0024,0.0013,0.0078,0.2353,0.165766,0.566734,6.4463,5.7229,7.89663,,,,0,,120,1,0,"DXGI, sync interval 0, no tearing flag",n/a,0,
native_d3d12_original_t01,rep1,native,d3d12,original,1,,0,ok,6777,50001,0x95bca375014e86d9,NVIDIA GeForce RTX 4050 Laptop GPU,0.9142,0.861176,1.33469,1.1688,1.0668,1.74808,0.9142,0.861176,1.33469,0.8512,0.8135,1.21863,0.0605,0.0454,0.13092,1.7062,1.66398,2.04487,0.0035,0.003,0.0059,0,0,0,0.2486,0.201976,0.433568,2.9099,2.74895,3.67574,,,,0,,120,1,0,"DXGI flip-discard, sync interval 0, DXGI_PRESENT_ALLOW_TEARING",,,
native_d3d12_original_t01,rep2,native,d3d12,original,1,,0,ok,7019,50001,0x95bca375014e86d9,NVIDIA GeForce RTX 4050 Laptop GPU,0.8919,0.850736,1.12675,1.1273,1.05057,1.52162,0.8919,0.850736,1.12675,0.8356,0.806,1.04848,0.0562,0.0435,0.094064,1.6786,1.6551,1.99636,0.0035,0.0029,0.0056,0,0,0,0.2337,0.1974,0.3783,2.8146,2.72102,3.37136,,,,0,,120,1,0,"DXGI flip-discard, sync interval 0, DXGI_PRESENT_ALLOW_TEARING",,,
native_d3d12_original_t01,rep3,native,d3d12,original,1,,0,ok,7015,50001,0x95bca375014e86d9,NVIDIA GeForce RTX 4050 Laptop GPU,0.8894,0.8469,1.11857,1.1256,1.04484,1.45686,0.8894,0.8469,1.11857,0.8328,0.8017,1.03547,0.0566,0.042914,0.095858,1.6824,1.6589,2.00036,0.0034,0.0028,0.0057,0,0,0,0.235,0.1955,0.373672,2.8175,2.71771,3.34209,,,,0,,120,1,0,"DXGI flip-discard, sync interval 0, DXGI_PRESENT_ALLOW_TEARING",,,
native_d3d12_original_t01,rep4,native,d3d12,original,1,,0,ok,7017,50001,0x95bca375014e86d9,NVIDIA GeForce RTX 4050 Laptop GPU,0.892,0.845,1.11657,1.1293,1.04395,1.49029,0.892,0.845,1.11657,0.8343,0.800616,1.03762,0.0573,0.043416,0.096236,1.6793,1.6554,1.99957,0.0035,0.0029,0.006,0,0,0,0.2358,0.1953,0.37172,2.8174,2.71074,3.36048,,,,0,,120,1,0,"DXGI flip-discard, sync interval 0, DXGI_PRESENT_ALLOW_TEARING",,,
native_d3d12_original_t01,rep5,native,d3d12,original,1,,0,ok,6926,50001,0x95bca375014e86d9,NVIDIA GeForce RTX 4050 Laptop GPU,0.9241,0.8793,1.16285,1.16065,1.07865,1.53335,0.9241,0.8793,1.16285,0.8677,0.8347,1.071,0.0567,0.043025,0.09315,1.6843,1.6608,1.9779,0.0035,0.0029,0.0059,0,0,0,0.2354,0.19545,0.3733,2.8538,2.75162,3.3588,,,,0,,120,1,0,"DXGI flip-discard, sync interval 0, DXGI_PRESENT_ALLOW_TEARING",,,
native_d3d12_original_t02,rep1,native,d3d12,original,2,,0,ok,10677,50001,0x95bca375014e86d9,NVIDIA GeForce RTX 4050 Laptop GPU,0.5806,0.4843,0.916672,0.8379,0.717552,1.25989,0.5806,0.4843,0.916672,0.5219,0.433176,0.834712,0.0581,0.04,0.122748,0.9907,0.9427,1.24562,0.0034,0.0027,0.0058,0,0,0,0.2525,0.186552,0.440224,1.8412,1.6917,2.41885,,,,0,,120,1,0,"DXGI flip-discard, sync interval 0, DXGI_PRESENT_ALLOW_TEARING",,,
native_d3d12_original_t02,rep2,native,d3d12,original,2,,0,ok,11495,50001,0x95bca375014e86d9,NVIDIA GeForce RTX 4050 Laptop GPU,0.531,0.4649,0.898548,0.8211,0.669252,1.21495,0.531,0.4649,0.898548,0.4633,0.425794,0.815742,0.0545,0.0368,0.117918,0.8577,0.8155,1.09633,0.0033,0.0026,0.0056,0,0,0,0.274,0.1802,0.4852,1.7267,1.50739,2.24678,,,,0,,120,1,0,"DXGI flip-discard, sync interval 0, DXGI_PRESENT_ALLOW_TEARING",,,
native_d3d12_original_t02,rep3,native,d3d12,original,2,,0,ok,10399,50001,0x95bca375014e86d9,NVIDIA GeForce RTX 4050 Laptop GPU,0.5862,0.526098,0.917604,0.8119,0.7097,1.24242,0.5862,0.526098,0.917604,0.5327,0.484398,0.842042,0.0517,0.0368,0.09521,1.069,1.0472,1.32263,0.0033,0.0025,0.0054,0,0,0,0.2253,0.1747,0.374908,1.8911,1.7709,2.44087,,,,0,,120,1,0,"DXGI flip-discard, sync interval 0, DXGI_PRESENT_ALLOW_TEARING",,,
native_d3d12_original_t02,rep4,native,d3d12,original,2,,0,ok,11483,50001,0x95bca375014e86d9,NVIDIA GeForce RTX 4050 Laptop GPU,0.5351,0.4688,0.873454,0.8236,0.678782,1.17932,0.5351,0.4688,0.873454,0.4701,0.4295,0.790492,0.054,0.0374,0.113472,0.858,0.8169,1.1003,0.0032,0.0026,0.0056,0,0,0,0.2696,0.1825,0.477936,1.7298,1.5147,2.18473,,,,0,,120,1,0,"DXGI flip-discard, sync interval 0, DXGI_PRESENT_ALLOW_TEARING",,,
native_d3d12_original_t02,rep5,native,d3d12,original,2,,0,ok,11456,50001,0x95bca375014e86d9,NVIDIA GeForce RTX 4050 Laptop GPU,0.5344,0.466355,0.88799,0.8235,0.67921,1.21026,0.5344,0.466355,0.88799,0.4683,0.4264,0.81073,0.0542,0.038,0.115535,0.8629,0.8157,1.1126,0.0032,0.0026,0.0057,0,0,0,0.2722,0.183355,0.484595,1.7317,1.51562,2.26891,,,,0,,120,1,0,"DXGI flip-discard, sync interval 0, DXGI_PRESENT_ALLOW_TEARING",,,
native_d3d12_original_t02,rep6,native,d3d12,original,2,,0,ok,11282,50001,0x95bca375014e86d9,NVIDIA GeForce RTX 4050 Laptop GPU,0.5572,0.486381,0.905957,0.8461,0.703481,1.23008,0.5572,0.486381,0.905957,0.49435,0.4443,0.826119,0.0552,0.0386,0.114619,0.86385,0.8163,1.10648,0.0031,0.0025,0.0056,0,0,0,0.26535,0.1834,0.475338,1.7538,1.54208,2.28046,,,,0,,120,1,0,"DXGI flip-discard, sync interval 0, DXGI_PRESENT_ALLOW_TEARING",,,
native_d3d12_original_t04,rep1,native,d3d12,original,4,,0,ok,16121,50001,0x95bca375014e86d9,NVIDIA GeForce RTX 4050 Laptop GPU,0.4252,0.3122,0.83538,0.6652,0.50332,1.31588,0.4252,0.3122,0.83538,0.369,0.2678,0.7331,0.0556,0.0373,0.14088,0.5153,0.42442,0.72824,0.0036,0.0026,0.0256,0,0,0,0.2413,0.1712,0.5773,1.1796,0.97104,1.97178,,,,0,,120,1,0,"DXGI flip-discard, sync interval 0, DXGI_PRESENT_ALLOW_TEARING",,,
native_d3d12_original_t04,rep2,native,d3d12,original,4,,0,ok,16837,50001,0x95bca375014e86d9,NVIDIA GeForce RTX 4050 Laptop GPU,0.3817,0.311736,0.65092,0.6006,0.498636,1.06754,0.3817,0.311736,0.65092,0.3328,0.2696,0.559348,0.0493,0.0392,0.096,0.5625,0.4645,0.7379,0.0035,0.0028,0.020864,0,0,0,0.2173,0.176236,0.44482,1.1668,0.9963,1.8007,,,,0,,120,1,0,"DXGI flip-discard, sync interval 0, DXGI_PRESENT_ALLOW_TEARING",,,
native_d3d12_original_t04,rep3,native,d3d12,original,4,,0,ok,16855,50001,0x95bca375014e86d9,NVIDIA GeForce RTX 4050 Laptop GPU,0.3815,0.311,0.654784,0.5995,0.496254,1.08544,0.3815,0.311,0.654784,0.3334,0.2692,0.568,0.0484,0.0385,0.096492,0.5619,0.4668,0.736092,0.0036,0.0028,0.020346,0,0,0,0.2167,0.1758,0.441866,1.1654,0.992708,1.80314,,,,0,,120,1,0,"DXGI flip-discard, sync interval 0, DXGI_PRESENT_ALLOW_TEARING",,,
native_d3d12_original_t04,rep4,native,d3d12,original,4,,0,ok,16703,50001,0x95bca375014e86d9,NVIDIA GeForce RTX 4050 Laptop GPU,0.3914,0.3129,0.6792,0.6138,0.497802,1.15024,0.3914,0.3129,0.6792,0.3407,0.2707,0.585458,0.0497,0.0378,0.103698,0.5413,0.4316,0.7303,0.0037,0.0028,0.021398,0,0,0,0.2182,0.1725,0.502096,1.1637,0.9913,1.83369,,,,0,,120,1,0,"DXGI flip-discard, sync interval 0, DXGI_PRESENT_ALLOW_TEARING",,,
native_d3d12_original_t04,rep5,native,d3d12,original,4,,0,ok,16818,50001,0x95bca375014e86d9,NVIDIA GeForce RTX 4050 Laptop GPU,0.3811,0.309,0.657815,0.5975,0.4932,1.09441,0.3811,0.309,0.657815,0.3332,0.268,0.566266,0.0478,0.038,0.098066,0.5634,0.464217,0.737183,0.0037,0.0028,0.020783,0,0,0,0.2144,0.175017,0.465215,1.1646,0.989134,1.7894,,,,0,,120,1,0,"DXGI flip-discard, sync interval 0, DXGI_PRESENT_ALLOW_TEARING",,,
native_d3d12_original_t04,rep6,native,d3d12,original,4,,0,ok,16851,50001,0x95bca375014e86d9,NVIDIA GeForce RTX 4050 Laptop GPU,0.3787,0.30785,0.6548,0.5961,0.4913,1.08205,0.3787,0.30785,0.6548,0.3307,0.2663,0.5642,0.048,0.0381,0.09575,0.5651,0.46815,0.7318,0.0036,0.0028,0.02075,0,0,0,0.2154,0.1748,0.4428,1.1636,0.9931,1.80095,,,,0,,120,1,0,"DXGI flip-discard, sync interval 0, DXGI_PRESENT_ALLOW_TEARING",,,
native_d3d12_original_t08,rep1,native,d3d12,original,8,,0,ok,17438,50001,0x95bca375014e86d9,NVIDIA GeForce RTX 4050 Laptop GPU,0.482,0.3607,0.708989,0.7251,0.600837,1.06949,0.482,0.3607,0.708989,0.41715,0.3042,0.624926,0.0605,0.0456,0.126,0.3865,0.310337,0.4704,0.004,0.003,0.164,0,0,0,0.2451,0.192537,0.425889,1.1301,0.972922,1.53719,,,,0,,120,1,0,"DXGI flip-discard, sync interval 0, DXGI_PRESENT_ALLOW_TEARING",,,
native_d3d12_original_t08,rep2,native,d3d12,original,8,,0,ok,17478,50001,0x95bca375014e86d9,NVIDIA GeForce RTX 4050 Laptop GPU,0.4715,0.347977,0.707023,0.7169,0.5867,1.06099,0.4715,0.347977,0.707023,0.4045,0.2967,0.620723,0.0598,0.0447,0.129946,0.3858,0.3071,0.471023,0.0041,0.003,0.181023,0,0,0,0.2451,0.188277,0.4269,1.1285,0.956354,1.51118,,,,0,,120,1,0,"DXGI flip-discard, sync interval 0, DXGI_PRESENT_ALLOW_TEARING",,,
native_d3d12_original_t08,rep3,native,d3d12,original,8,,0,ok,17419,50001,0x95bca375014e86d9,NVIDIA GeForce RTX 4050 Laptop GPU,0.4874,0.365036,0.724792,0.7264,0.5992,1.08398,0.4874,0.365036,0.724792,0.4258,0.3071,0.638374,0.0598,0.0457,0.1254,0.3839,0.3093,0.464482,0.0039,0.0029,0.1638,0,0,0,0.2421,0.190818,0.414,1.1312,0.964718,1.54875,,,,0,,120,1,0,"DXGI flip-discard, sync interval 0, DXGI_PRESENT_ALLOW_TEARING",,,
native_d3d12_original_t08,rep4,native,d3d12,original,8,,0,ok,17249,50001,0x95bca375014e86d9,NVIDIA GeForce RTX 4050 Laptop GPU,0.4696,0.362744,0.80856,0.7225,0.609,1.29171,0.4696,0.362744,0.80856,0.4021,0.296148,0.704156,0.0632,0.047248,0.132952,0.3979,0.3187,0.549764,0.0039,0.0029,0.141908,0,0,0,0.2568,0.1984,0.472364,1.1311,1.00079,1.78306,,,,0,,120,1,0,"DXGI flip-discard, sync interval 0, DXGI_PRESENT_ALLOW_TEARING",,,
native_d3d12_original_t08,rep5,native,d3d12,original,8,,0,ok,17364,50001,0x95bca375014e86d9,NVIDIA GeForce RTX 4050 Laptop GPU,0.4832,0.3674,0.734296,0.7286,0.599663,1.11008,0.4832,0.3674,0.734296,0.4179,0.308226,0.637637,0.0636,0.048,0.1319,0.3873,0.3099,0.480148,0.0038,0.0029,0.157385,0,0,0,0.2484,0.1931,0.4282,1.134,0.974989,1.57919,,,,0,,120,1,0,"DXGI flip-discard, sync interval 0, DXGI_PRESENT_ALLOW_TEARING",,,
native_d3d12_original_t15,rep1,native,d3d12,original,15,,0,ok,17516,50001,0x95bca375014e86d9,NVIDIA GeForce RTX 4050 Laptop GPU,0.4665,0.3591,0.75675,0.7689,0.609615,1.12002,0.4665,0.3591,0.75675,0.38095,0.304,0.66451,0.0664,0.0511,0.145955,0.2644,0.2339,0.4653,0.01315,0.0033,0.210285,0,0,0,0.3012,0.2035,0.4438,1.1257,0.9051,1.58919,,,,0,,120,1,0,"DXGI flip-discard, sync interval 0, DXGI_PRESENT_ALLOW_TEARING",,,
native_d3d12_original_t15,rep2,native,d3d12,original,15,,0,ok,17532,50001,0x95bca375014e86d9,NVIDIA GeForce RTX 4050 Laptop GPU,0.474,0.3739,0.758338,0.7885,0.637293,1.10291,0.474,0.3739,0.758338,0.3856,0.316631,0.665538,0.0693,0.0536,0.154069,0.2439,0.209631,0.4386,0.0287,0.0032,0.2127,0,0,0,0.3123,0.2109,0.445638,1.1278,0.909262,1.53834,,,,0,,120,1,0,"DXGI flip-discard, sync interval 0, DXGI_PRESENT_ALLOW_TEARING",,,
native_d3d12_original_t15,rep3,native,d3d12,original,15,,0,ok,17546,50001,0x95bca375014e86d9,NVIDIA GeForce RTX 4050 Laptop GPU,0.4553,0.364745,0.75491,0.77265,0.628425,1.13351,0.4553,0.364745,0.75491,0.3722,0.309445,0.659055,0.0683,0.0515,0.155355,0.2427,0.2123,0.433555,0.0595,0.0032,0.227755,0,0,0,0.312,0.2054,0.460075,1.1256,0.90048,1.58771,,,,0,,120,1,0,"DXGI flip-discard, sync interval 0, DXGI_PRESENT_ALLOW_TEARING",,,
diligent_d3d12_dyn_t01,rep1,diligent,d3d12,dyn,1,,0,ok,839,50001,0x95bca375014e86d9,NVIDIA GeForce RTX 4050 Laptop GPU,21.7901,17.8602,24.2485,22.2435,18.2675,24.7583,21.7901,17.8602,24.2485,21.5301,17.6216,23.9903,0.2502,0.1478,0.366148,1.7764,1.62545,2.386,0,0,0,0,0,0,0.482,0.301618,0.834426,24.1004,19.9817,26.7105,,,,0,,120,1,0,"DXGI flip-sequential (waitable), sync interval 0, DXGI_PRESENT_ALLOW_TEARING",,,
diligent_d3d12_dyn_t01,rep2,diligent,d3d12,dyn,1,,0,ok,868,50001,0x95bca375014e86d9,NVIDIA GeForce RTX 4050 Laptop GPU,20.936,16.9987,23.3849,21.4371,17.3523,23.9261,20.936,16.9987,23.3849,20.6908,16.8285,23.1169,0.2543,0.149035,0.368671,1.72865,1.6238,2.42726,0,0,0,0,0,0,0.4847,0.299843,0.775529,23.2047,19.0427,25.7619,,,,0,,120,1,0,"DXGI flip-sequential (waitable), sync interval 0, DXGI_PRESENT_ALLOW_TEARING",,,
diligent_d3d12_dyn_t01,rep3,diligent,d3d12,dyn,1,,0,ok,866,50001,0x95bca375014e86d9,NVIDIA GeForce RTX 4050 Laptop GPU,20.944,17.2764,23.2579,21.4442,17.664,23.791,20.944,17.2764,23.2579,20.7315,17.0715,22.9699,0.2554,0.149565,0.38692,1.75555,1.62912,2.38845,0,0,0,0,0,0,0.5024,0.302555,0.769295,23.2608,19.4513,25.7528,,,,0,,120,1,0,"DXGI flip-sequential (waitable), sync interval 0, DXGI_PRESENT_ALLOW_TEARING",,,
diligent_d3d12_dyn_t02,rep1,diligent,d3d12,dyn,2,,0,ok,1731,50001,0x95bca375014e86d9,NVIDIA GeForce RTX 4050 Laptop GPU,9.7913,8.19624,12.1954,10.2453,8.54089,12.7447,9.7913,8.19624,12.1954,9.5339,8.01471,11.9085,0.2147,0.16657,0.47796,1.1189,1.02053,2.01757,0,0,0,0,0,0,0.3789,0.28406,0.82917,11.5124,9.66698,14.0243,,,,0,,120,1,0,"DXGI flip-sequential (waitable), sync interval 0, DXGI_PRESENT_ALLOW_TEARING",,,
diligent_d3d12_dyn_t02,rep2,diligent,d3d12,dyn,2,,0,ok,1615,50001,0x95bca375014e86d9,NVIDIA GeForce RTX 4050 Laptop GPU,10.9027,8.22963,12.6072,11.3896,8.57487,13.1813,10.9027,8.22963,12.6072,10.6302,8.00893,12.2781,0.2773,0.159496,0.451902,1.1025,0.8199,1.84519,0,0,0,0,0,0,0.4873,0.2859,0.811224,12.4939,9.61435,14.5345,,,,0,,120,1,0,"DXGI flip-sequential (waitable), sync interval 0, DXGI_PRESENT_ALLOW_TEARING",,,
diligent_d3d12_dyn_t02,rep3,diligent,d3d12,dyn,2,,0,ok,1567,50001,0x95bca375014e86d9,NVIDIA GeForce RTX 4050 Laptop GPU,11.1403,8.36764,13.0264,11.6519,8.7631,13.6513,11.1403,8.36764,13.0264,10.8874,8.19066,12.7324,0.2953,0.164064,0.48712,1.2045,0.8374,2.02238,0,0,0,0,0,0,0.5083,0.289766,0.813392,12.879,9.88643,15.0415,,,,0,,120,1,0,"DXGI flip-sequential (waitable), sync interval 0, DXGI_PRESENT_ALLOW_TEARING",,,
diligent_d3d12_dyn_t02,rep4,diligent,d3d12,dyn,2,,0,ok,1589,50001,0x95bca375014e86d9,NVIDIA GeForce RTX 4050 Laptop GPU,11.0588,8.3443,13.1568,11.5415,8.78901,13.7326,11.0588,8.3443,13.1568,10.7713,8.08979,12.8199,0.2907,0.160628,0.47408,1.1438,0.819064,1.99774,0,0,0,0,0,0,0.497,0.28264,0.806836,12.6801,9.80341,14.9205,,,,0,,120,1,0,"DXGI flip-sequential (waitable), sync interval 0, DXGI_PRESENT_ALLOW_TEARING",,,
diligent_d3d12_dyn_t02,rep5,diligent,d3d12,dyn,2,,0,ok,1586,50001,0x95bca375014e86d9,NVIDIA GeForce RTX 4050 Laptop GPU,11.1494,8.42483,13.229,11.6371,8.80991,13.7307,11.1494,8.42483,13.229,10.8717,8.19741,12.949,0.29495,0.16507,0.478245,1.1069,0.81814,1.90075,0,0,0,0,0,0,0.505,0.28534,0.78493,12.7226,9.85806,14.9375,,,,0,,120,1,0,"DXGI flip-sequential (waitable), sync interval 0, DXGI_PRESENT_ALLOW_TEARING",,,
diligent_d3d12_dyn_t02,rep6,diligent,d3d12,dyn,2,,0,ok,1577,50001,0x95bca375014e86d9,NVIDIA GeForce RTX 4050 Laptop GPU,11.205,8.26062,13.1541,11.6869,8.61529,13.8133,11.205,8.26062,13.1541,10.9062,8.06524,12.8417,0.2984,0.162928,0.513008,1.148,0.8174,1.84961,0,0,0,0,0,0,0.5115,0.284052,0.829672,12.8278,9.80433,15.1093,,,,0,,120,1,0,"DXGI flip-sequential (waitable), sync interval 0, DXGI_PRESENT_ALLOW_TEARING",,,
diligent_d3d12_dyn_t04,rep1,diligent,d3d12,dyn,4,,0,ok,2945,50001,0x95bca375014e86d9,NVIDIA GeForce RTX 4050 Laptop GPU,5.9128,4.23568,7.31577,6.321,4.53769,7.86825,5.9128,4.23568,7.31577,5.686,4.08021,6.98091,0.2044,0.1212,0.48866,0.5612,0.411344,1.31068,0,0,0,0,0,0,0.379,0.240444,0.793448,6.9478,5.09187,8.67933,,,,0,,120,1,0,"DXGI flip-sequential (waitable), sync interval 0, DXGI_PRESENT_ALLOW_TEARING",,,
diligent_d3d12_dyn_t04,rep2,diligent,d3d12,dyn,4,,0,ok,2960,50001,0x95bca375014e86d9,NVIDIA GeForce RTX 4050 Laptop GPU,5.89855,4.24919,7.25128,6.2999,4.53828,7.76291,5.89855,4.24919,7.25128,5.66995,4.07571,6.93196,0.20085,0.1213,0.43481,0.55885,0.4105,1.25758,0,0,0,0,0,0,0.377,0.243218,0.761428,6.9051,5.02959,8.49551,,,,0,,120,1,0,"DXGI flip-sequential (waitable), sync interval 0, DXGI_PRESENT_ALLOW_TEARING",,,
diligent_d3d12_dyn_t04,rep3,diligent,d3d12,dyn,4,,0,ok,2914,50001,0x95bca375014e86d9,NVIDIA GeForce RTX 4050 Laptop GPU,5.9428,4.25809,7.28934,6.35955,4.52864,7.81318,5.9428,4.25809,7.28934,5.71265,4.10352,6.99231,0.20375,0.124513,0.463274,0.56025,0.409113,1.36652,0,0,0,0,0,0,0.3751,0.242726,0.794766,6.9717,5.12565,8.67305,,,,0,,120,1,0,"DXGI flip-sequential (waitable), sync interval 0, DXGI_PRESENT_ALLOW_TEARING",,,
diligent_d3d12_dyn_t08,rep1,diligent,d3d12,dyn,8,,0,ok,5679,50001,0x95bca375014e86d9,NVIDIA GeForce RTX 4050 Laptop GPU,2.9052,2.59481,3.46383,3.1812,2.83476,3.84089,2.9052,2.59481,3.46383,2.7393,2.45409,3.18562,0.1637,0.124478,0.292126,0.3199,0.268,0.4095,0,0,0,0,0,0,0.2724,0.2254,0.4215,3.5056,3.14812,4.19946,,,,0,,120,1,0,"DXGI flip-sequential (waitable), sync interval 0, DXGI_PRESENT_ALLOW_TEARING",,,
diligent_d3d12_dyn_t08,rep2,diligent,d3d12,dyn,8,,0,ok,5737,50001,0x95bca375014e86d9,NVIDIA GeForce RTX 4050 Laptop GPU,2.869,2.59541,3.43651,3.144,2.82804,3.8133,2.869,2.59541,3.43651,2.7077,2.45721,3.15519,0.1638,0.121436,0.3026,0.3197,0.267872,0.405892,0,0,0,0,0,0,0.2721,0.2193,0.434512,3.4676,3.14152,4.21949,,,,0,,120,1,0,"DXGI flip-sequential (waitable), sync interval 0, DXGI_PRESENT_ALLOW_TEARING",,,
diligent_d3d12_dyn_t08,rep3,diligent,d3d12,dyn,8,,0,ok,5732,50001,0x95bca375014e86d9,NVIDIA GeForce RTX 4050 Laptop GPU,2.8791,2.59248,3.4154,3.15435,2.81309,3.75592,2.8791,2.59248,3.4154,2.71685,2.45966,3.13392,0.1627,0.115493,0.294814,0.3199,0.2687,0.4082,0,0,0,0,0,0,0.2752,0.2067,0.425814,3.4767,3.13045,4.1468,,,,0,,120,1,0,"DXGI flip-sequential (waitable), sync interval 0, DXGI_PRESENT_ALLOW_TEARING",,,
diligent_d3d12_dyn_t15,rep1,diligent,d3d12,dyn,15,,0,ok,7372,50001,0x95bca375014e86d9,NVIDIA GeForce RTX 4050 Laptop GPU,2.0758,1.82597,3.45013,2.34985,2.03883,3.8402,2.0758,1.82597,3.45013,1.8836,1.67717,3.11673,0.1889,0.137742,0.388058,0.2189,0.1764,0.395528,0,0,0,0,0,0,0.26925,0.203771,0.468358,2.5752,2.22748,4.16493,,,,0,,120,1,0,"DXGI flip-sequential (waitable), sync interval 0, DXGI_PRESENT_ALLOW_TEARING",,,
diligent_d3d12_dyn_t15,rep2,diligent,d3d12,dyn,15,,0,ok,7866,50001,0x95bca375014e86d9,NVIDIA GeForce RTX 4050 Laptop GPU,1.9787,1.72583,3.04504,2.23385,1.94043,3.39139,1.9787,1.72583,3.04504,1.7999,1.57945,2.77934,0.17565,0.13536,0.32948,0.2169,0.1768,0.348535,0,0,0,0,0,0,0.2502,0.201395,0.385735,2.4521,2.12458,3.68635,,,,0,,120,1,0,"DXGI flip-sequential (waitable), sync interval 0, DXGI_PRESENT_ALLOW_TEARING",,,
diligent_d3d12_dyn_t15,rep3,diligent,d3d12,dyn,15,,0,ok,7946,50001,0x95bca375014e86d9,NVIDIA GeForce RTX 4050 Laptop GPU,1.95115,1.67874,3.06582,2.2067,1.88867,3.41394,1.95115,1.67874,3.06582,1.7741,1.53555,2.77808,0.1733,0.133645,0.337575,0.21415,0.177,0.355655,0,0,0,0,0,0,0.25135,0.200245,0.40492,2.4236,2.07114,3.72184,,,,0,,120,1,0,"DXGI flip-sequential (waitable), sync interval 0, DXGI_PRESENT_ALLOW_TEARING",,,
diligent_d3d12_dyn_t15,rep4,diligent,d3d12,dyn,15,,0,ok,7858,50001,0x95bca375014e86d9,NVIDIA GeForce RTX 4050 Laptop GPU,1.974,1.70281,3.10372,2.22865,1.91056,3.45053,1.974,1.70281,3.10372,1.7992,1.56206,2.83023,0.1726,0.128714,0.332444,0.2148,0.1764,0.355047,0,0,0,0,0,0,0.25075,0.1954,0.398501,2.4469,2.0935,3.79064,,,,0,,120,1,0,"DXGI flip-sequential (waitable), sync interval 0, DXGI_PRESENT_ALLOW_TEARING",,,
diligent_d3d12_dyn_t15,rep5,diligent,d3d12,dyn,15,,0,ok,7858,50001,0x95bca375014e86d9,NVIDIA GeForce RTX 4050 Laptop GPU,1.978,1.71846,3.10492,2.2373,1.9269,3.47359,1.978,1.71846,3.10492,1.79965,1.581,2.81917,0.1753,0.1283,0.341115,0.2135,0.1764,0.349472,0,0,0,0,0,0,0.2547,0.194571,0.402243,2.4544,2.109,3.79254,,,,0,,120,1,0,"DXGI flip-sequential (waitable), sync interval 0, DXGI_PRESENT_ALLOW_TEARING",,,
diligent_d3d12_dyn_t15,rep6,diligent,d3d12,dyn,15,,0,ok,7960,50001,0x95bca375014e86d9,NVIDIA GeForce RTX 4050 Laptop GPU,1.9541,1.69788,3.0596,2.2087,1.90221,3.41347,1.9541,1.69788,3.0596,1.78,1.5573,2.78386,0.1707,0.127418,0.332828,0.2115,0.1781,0.352641,0,0,0,0,0,0,0.2493,0.193359,0.400341,2.42755,2.08652,3.74271,,,,0,,120,1,0,"DXGI flip-sequential (waitable), sync interval 0, DXGI_PRESENT_ALLOW_TEARING",,,
diligent_d3d12_mut_t01,rep1,diligent,d3d12,mut,1,,0,ok,2262,50001,0x95bca375014e86d9,NVIDIA GeForce RTX 4050 Laptop GPU,6.5298,5.90691,9.04266,6.89885,6.22263,9.43248,6.5298,5.90691,9.04266,6.3828,5.78149,8.88282,0.1461,0.111561,0.262451,1.6802,1.65344,2.19839,0,0,0,0,0,0,0.34515,0.284344,0.626234,8.63525,7.90523,11.1685,,,,0,,120,1,0,"DXGI flip-sequential (waitable), sync interval 0, DXGI_PRESENT_ALLOW_TEARING",,,
diligent_d3d12_mut_t01,rep2,diligent,d3d12,mut,1,,0,ok,2245,50001,0x95bca375014e86d9,NVIDIA GeForce RTX 4050 Laptop GPU,6.6283,6.15283,8.89978,6.9781,6.48253,9.40463,6.6283,6.15283,8.89978,6.475,6.01869,8.70236,0.1485,0.116888,0.261512,1.6699,1.642,2.16474,0,0,0,0,0,0,0.3456,0.287352,0.620188,8.6936,8.15202,11.1484,,,,0,,120,1,0,"DXGI flip-sequential (waitable), sync interval 0, DXGI_PRESENT_ALLOW_TEARING",,,
diligent_d3d12_mut_t01,rep3,diligent,d3d12,mut,1,,0,ok,2215,50001,0x95bca375014e86d9,NVIDIA GeForce RTX 4050 Laptop GPU,6.7386,5.84614,9.81969,7.1117,6.15855,10.2269,6.7386,5.84614,9.81969,6.5829,5.71667,9.61698,0.1472,0.108056,0.274022,1.6624,1.63221,2.20203,0,0,0,0,0,0,0.3438,0.27844,0.638468,8.8302,7.82421,11.9332,,,,0,,120,1,0,"DXGI flip-sequential (waitable), sync interval 0, DXGI_PRESENT_ALLOW_TEARING",,,
diligent_d3d12_mut_t02,rep1,diligent,d3d12,mut,2,,0,ok,4057,50001,0x95bca375014e86d9,NVIDIA GeForce RTX 4050 Laptop GPU,3.461,3.27551,4.95027,3.7664,3.53546,5.33407,3.461,3.27551,4.95027,3.3049,3.14899,4.74694,0.1529,0.116456,0.25774,1.0375,1.01496,1.32269,0,0,0,0,0,0,0.3008,0.2501,0.43232,4.8324,4.56592,6.48918,,,,0,,120,1,0,"DXGI flip-sequential (waitable), sync interval 0, DXGI_PRESENT_ALLOW_TEARING",,,
diligent_d3d12_mut_t02,rep2,diligent,d3d12,mut,2,,0,ok,4349,50001,0x95bca375014e86d9,NVIDIA GeForce RTX 4050 Laptop GPU,3.3486,3.20305,5.04859,3.6485,3.45289,5.48192,3.3486,3.20305,5.04859,3.2,3.0845,4.80847,0.1476,0.112348,0.237776,0.8447,0.824948,1.11303,0,0,0,0,0,0,0.2933,0.243048,0.42116,4.5122,4.29354,6.37721,,,,0,,120,1,0,"DXGI flip-sequential (waitable), sync interval 0, DXGI_PRESENT_ALLOW_TEARING",,,
diligent_d3d12_mut_t02,rep3,diligent,d3d12,mut,2,,0,ok,4335,50001,0x95bca375014e86d9,NVIDIA GeForce RTX 4050 Laptop GPU,3.3486,3.19947,5.23702,3.6482,3.4515,5.5763,3.3486,3.19947,5.23702,3.1994,3.0815,5.02119,0.1482,0.1118,0.23193,0.8497,0.8276,1.12517,0,0,0,0,0,0,0.2934,0.243334,0.415532,4.5251,4.29643,6.64871,,,,0,,120,1,0,"DXGI flip-sequential (waitable), sync interval 0, DXGI_PRESENT_ALLOW_TEARING",,,
diligent_d3d12_mut_t04,rep1,diligent,d3d12,mut,4,,0,ok,6933,50001,0x95bca375014e86d9,NVIDIA GeForce RTX 4050 Laptop GPU,2.052,1.85193,3.1057,2.3226,2.0919,3.46376,2.052,1.85193,3.1057,1.9129,1.7364,2.8842,0.137,0.109532,0.2412,0.5072,0.4113,0.642804,0,0,0,0,0,0,0.2685,0.2302,0.40194,2.8215,2.5278,4.05707,,,,0,,120,1,0,"DXGI flip-sequential (waitable), sync interval 0, DXGI_PRESENT_ALLOW_TEARING",,,
diligent_d3d12_mut_t04,rep2,diligent,d3d12,mut,4,,0,ok,7040,50001,0x95bca375014e86d9,NVIDIA GeForce RTX 4050 Laptop GPU,2.0035,1.8241,3.05314,2.27605,2.0625,3.42757,2.0035,1.8241,3.05314,1.8637,1.70942,2.84244,0.1384,0.1093,0.238288,0.50535,0.4121,0.6459,0,0,0,0,0,0,0.2709,0.230039,0.399122,2.781,2.49776,4.03487,,,,0,,120,1,0,"DXGI flip-sequential (waitable), sync interval 0, DXGI_PRESENT_ALLOW_TEARING",,,
diligent_d3d12_mut_t04,rep3,diligent,d3d12,mut,4,,0,ok,7086,50001,0x95bca375014e86d9,NVIDIA GeForce RTX 4050 Laptop GPU,1.9849,1.80717,3.0691,2.2553,2.045,3.43519,1.9849,1.80717,3.0691,1.84685,1.69118,2.83702,0.1373,0.108385,0.238075,0.50675,0.4134,0.63729,0,0,0,0,0,0,0.2694,0.22927,0.3945,2.76205,2.48109,4.03427,,,,0,,120,1,0,"DXGI flip-sequential (waitable), sync interval 0, DXGI_PRESENT_ALLOW_TEARING",,,
diligent_d3d12_mut_t08,rep1,diligent,d3d12,mut,8,,0,ok,8684,50001,0x95bca375014e86d9,NVIDIA GeForce RTX 4050 Laptop GPU,1.6851,1.48246,2.2358,1.949,1.72107,2.58315,1.6851,1.48246,2.2358,1.52885,1.34085,2.00757,0.1556,0.1291,0.267253,0.3196,0.2683,0.402117,0,0,0,0,0,0,0.2624,0.2293,0.388051,2.2708,2.02235,2.92787,,,,0,,120,1,0,"DXGI flip-sequential (waitable), sync interval 0, DXGI_PRESENT_ALLOW_TEARING",,,
diligent_d3d12_mut_t08,rep2,diligent,d3d12,mut,8,,0,ok,8524,50001,0x95bca375014e86d9,NVIDIA GeForce RTX 4050 Laptop GPU,1.71965,1.51492,2.32185,1.98765,1.75637,2.68802,1.71965,1.51492,2.32185,1.56055,1.37695,2.07874,0.1582,0.1308,0.278308,0.3203,0.2678,0.413116,0,0,0,0,0,0,0.2637,0.2303,0.3988,2.31235,2.0578,3.06099,,,,0,,120,1,0,"DXGI flip-sequential (waitable), sync interval 0, DXGI_PRESENT_ALLOW_TEARING",,,
diligent_d3d12_mut_t08,rep3,diligent,d3d12,mut,8,,0,ok,8673,50001,0x95bca375014e86d9,NVIDIA GeForce RTX 4050 Laptop GPU,1.6829,1.46762,2.26618,1.9508,1.70552,2.61338,1.6829,1.46762,2.26618,1.5277,1.33012,2.03761,0.1547,0.1286,0.272556,0.3209,0.266972,0.407512,0,0,0,0,0,0,0.2632,0.228444,0.391084,2.2737,2.01746,2.98077,,,,0,,120,1,0,"DXGI flip-sequential (waitable), sync interval 0, DXGI_PRESENT_ALLOW_TEARING",,,
diligent_d3d12_mut_t15,rep1,diligent,d3d12,mut,15,,0,ok,9508,50001,0x95bca375014e86d9,NVIDIA GeForce RTX 4050 Laptop GPU,1.5082,1.24004,2.37202,1.7838,1.542,2.77284,1.5082,1.24004,2.37202,1.2969,1.05951,2.04115,0.2146,0.168114,0.385993,0.2192,0.1775,0.400279,0,0,0,0,0,0,0.2754,0.2348,0.449544,2.002,1.74372,3.09517,,,,0,,120,1,0,"DXGI flip-sequential (waitable), sync interval 0, DXGI_PRESENT_ALLOW_TEARING",,,
diligent_d3d12_mut_t15,rep2,diligent,d3d12,mut,15,,0,ok,9949,50001,0x95bca375014e86d9,NVIDIA GeForce RTX 4050 Laptop GPU,1.4613,1.21787,2.17471,1.7254,1.52059,2.52237,1.4613,1.21787,2.17471,1.2385,1.03859,1.88631,0.2135,0.1675,0.331008,0.2057,0.177748,0.344852,0,0,0,0,0,0,0.267,0.2313,0.399452,1.9354,1.71625,2.83021,,,,0,,120,1,0,"DXGI flip-sequential (waitable), sync interval 0, DXGI_PRESENT_ALLOW_TEARING",,,
diligent_d3d12_mut_t15,rep3,diligent,d3d12,mut,15,,0,ok,9926,50001,0x95bca375014e86d9,NVIDIA GeForce RTX 4050 Laptop GPU,1.4687,1.2103,2.15362,1.7355,1.51812,2.50785,1.4687,1.2103,2.15362,1.2486,1.03445,1.88488,0.2127,0.165925,0.329475,0.20345,0.1763,0.3475,0,0,0,0,0,0,0.26845,0.2317,0.41115,1.9417,1.71002,2.8077,,,,0,,120,1,0,"DXGI flip-sequential (waitable), sync interval 0, DXGI_PRESENT_ALLOW_TEARING",,,
diligent_d3d12_tex_mut_t01,rep1,diligent,d3d12,tex_mut,1,,0,ok,3253,50001,0x95bca375014e86d9,NVIDIA GeForce RTX 4050 Laptop GPU,3.9162,3.761,4.50297,4.2547,4.01776,5.06497,3.9162,3.761,4.50297,3.7751,3.6604,4.26535,0.1353,0.0817,0.309472,1.7833,1.68095,2.44288,0,0,0,0,0,0,0.3248,0.23986,0.70502,6.08,5.72304,7.21987,,,,0,,120,1,0,"DXGI flip-sequential (waitable), sync interval 0, DXGI_PRESENT_ALLOW_TEARING",,,
diligent_d3d12_tex_mut_t01,rep2,diligent,d3d12,tex_mut,1,,0,ok,3278,50001,0x95bca375014e86d9,NVIDIA GeForce RTX 4050 Laptop GPU,3.929,3.76259,4.46778,4.257,4.01856,4.985,3.929,3.76259,4.46778,3.7954,3.66233,4.28017,0.1268,0.079377,0.289784,1.7296,1.6676,2.36486,0,0,0,0,0,0,0.3181,0.236354,0.682068,6.03605,5.71107,6.9909,,,,0,,120,1,0,"DXGI flip-sequential (waitable), sync interval 0, DXGI_PRESENT_ALLOW_TEARING",,,
diligent_d3d12_tex_mut_t01,rep3,diligent,d3d12,tex_mut,1,,0,ok,3255,50001,0x95bca375014e86d9,NVIDIA GeForce RTX 4050 Laptop GPU,3.9497,3.79636,4.70578,4.2848,4.04992,5.10465,3.9497,3.79636,4.70578,3.8183,3.69695,4.51908,0.128,0.081554,0.299668,1.7356,1.66925,2.41151,0,0,0,0,0,0,0.3216,0.237954,0.64936,6.0769,5.73922,7.16513,,,,0,,120,1,0,"DXGI flip-sequential (waitable), sync interval 0, DXGI_PRESENT_ALLOW_TEARING",,,
diligent_d3d12_tex_mut_t01,rep4,diligent,d3d12,tex_mut,1,,0,ok,3287,50001,0x95bca375014e86d9,NVIDIA GeForce RTX 4050 Laptop GPU,3.8688,3.69329,4.52948,4.1959,3.95163,4.99335,3.8688,3.69329,4.52948,3.7375,3.59462,4.40271,0.1259,0.0782,0.291348,1.7646,1.67417,2.50039,0,0,0,0,0,0,0.3161,0.2344,0.695594,6.0129,5.64946,7.07169,,,,0,,120,1,0,"DXGI flip-sequential (waitable), sync interval 0, DXGI_PRESENT_ALLOW_TEARING",,,
diligent_d3d12_tex_mut_t01,rep5,diligent,d3d12,tex_mut,1,,0,ok,3250,50001,0x95bca375014e86d9,NVIDIA GeForce RTX 4050 Laptop GPU,4.00165,3.82044,4.50455,4.3296,4.08744,4.98542,4.00165,3.82044,4.50455,3.87165,3.70706,4.32484,0.1291,0.079196,0.285359,1.7184,1.6642,2.34568,0,0,0,0,0,0,0.3195,0.235698,0.654776,6.10005,5.7719,6.99479,,,,0,,120,1,0,"DXGI flip-sequential (waitable), sync interval 0, DXGI_PRESENT_ALLOW_TEARING",,,
diligent_d3d12_tex_mut_t02,rep1,diligent,d3d12,tex_mut,2,,0,ok,5801,50001,0x95bca375014e86d9,NVIDIA GeForce RTX 4050 Laptop GPU,2.1509,2.0061,3.1922,2.4562,2.2367,3.629,2.1509,2.0061,3.1922,2.0037,1.9052,2.9905,0.1397,0.0925,0.2889,0.872,0.8414,1.1934,0,0,0,0,0,0,0.2956,0.2208,0.502,3.3841,3.0926,4.7058,,,,0,,120,1,0,"DXGI flip-sequential (waitable), sync interval 0, DXGI_PRESENT_ALLOW_TEARING",,,
diligent_d3d12_tex_mut_t02,rep2,diligent,d3d12,tex_mut,2,,0,ok,6085,50001,0x95bca375014e86d9,NVIDIA GeForce RTX 4050 Laptop GPU,2.0736,1.9931,3.07311,2.3495,2.21554,3.56318,2.0736,1.9931,3.07311,1.9505,1.8996,2.85655,0.1234,0.0886,0.2186,0.8516,0.8357,1.11976,0,0,0,0,0,0,0.2719,0.213968,0.415828,3.2138,3.06068,4.5607,,,,0,,120,1,0,"DXGI flip-sequential (waitable), sync interval 0, DXGI_PRESENT_ALLOW_TEARING",,,
diligent_d3d12_tex_mut_t02,rep3,diligent,d3d12,tex_mut,2,,0,ok,5653,50001,0x95bca375014e86d9,NVIDIA GeForce RTX 4050 Laptop GPU,2.2731,2.16855,3.14922,2.5624,2.39156,3.53128,2.2731,2.16855,3.14922,2.1416,2.0668,2.94339,0.1335,0.089052,0.225,0.8754,0.834452,1.12964,0,0,0,0,0,0,0.2863,0.213752,0.429148,3.5101,3.25097,4.55424,,,,0,,120,1,0,"DXGI flip-sequential (waitable), sync interval 0, DXGI_PRESENT_ALLOW_TEARING",,,
diligent_d3d12_tex_mut_t02,rep4,diligent,d3d12,tex_mut,2,,0,ok,5973,50001,0x95bca375014e86d9,NVIDIA GeForce RTX 4050 Laptop GPU,2.1329,2.05357,3.07815,2.4082,2.27557,3.49703,2.1329,2.05357,3.07815,2.0058,1.95734,2.83896,0.1246,0.089872,0.222428,0.8562,0.8373,1.15908,0,0,0,0,0,0,0.2704,0.215872,0.414956,3.2746,3.12379,4.46897,,,,0,,120,1,0,"DXGI flip-sequential (waitable), sync interval 0, DXGI_PRESENT_ALLOW_TEARING",,,
diligent_d3d12_tex_mut_t02,rep5,diligent,d3d12,tex_mut,2,,0,ok,5789,50001,0x95bca375014e86d9,NVIDIA GeForce RTX 4050 Laptop GPU,2.2128,2.1234,3.25413,2.487,2.34559,3.65634,2.2128,2.1234,3.25413,2.0885,2.0268,3.0635,0.1238,0.0899,0.229,0.8736,0.8538,1.17038,0,0,0,0,0,0,0.2708,0.215888,0.420812,3.383,3.21114,4.73416,,,,0,,120,1,0,"DXGI flip-sequential (waitable), sync interval 0, DXGI_PRESENT_ALLOW_TEARING",,,
diligent_d3d12_tex_mut_t02,rep6,diligent,d3d12,tex_mut,2,,0,ok,5983,50001,0x95bca375014e86d9,NVIDIA GeForce RTX 4050 Laptop GPU,2.1183,2.02998,3.15278,2.3929,2.2523,3.56228,2.1183,2.02998,3.15278,1.9928,1.93113,2.93979,0.1246,0.0889,0.22207,0.8639,0.8467,1.14311,0,0,0,0,0,0,0.273,0.212264,0.4175,3.2697,3.1114,4.54404,,,,0,,120,1,0,"DXGI flip-sequential (waitable), sync interval 0, DXGI_PRESENT_ALLOW_TEARING",,,
diligent_d3d12_tex_mut_t04,rep1,diligent,d3d12,tex_mut,4,,0,ok,9668,50001,0x95bca375014e86d9,NVIDIA GeForce RTX 4050 Laptop GPU,1.297,1.11897,1.9587,1.5322,1.32657,2.30042,1.297,1.11897,1.9587,1.18585,1.0095,1.78887,0.1137,0.0871,0.223532,0.5238,0.4213,0.6375,0,0,0,0,0,0,0.2407,0.196267,0.4033,2.05,1.77033,2.90312,,,,0,,120,1,0,"DXGI flip-sequential (waitable), sync interval 0, DXGI_PRESENT_ALLOW_TEARING",,,
diligent_d3d12_tex_mut_t04,rep2,diligent,d3d12,tex_mut,4,,0,ok,9428,50001,0x95bca375014e86d9,NVIDIA GeForce RTX 4050 Laptop GPU,1.3434,1.19,2.0807,1.5791,1.3989,2.40492,1.3434,1.19,2.0807,1.2312,1.0901,1.92577,0.1147,0.0932,0.208373,0.5213,0.418027,0.636646,0,0,0,0,0,0,0.2387,0.203027,0.385065,2.09775,1.83631,2.99938,,,,0,,120,1,0,"DXGI flip-sequential (waitable), sync interval 0, DXGI_PRESENT_ALLOW_TEARING",,,
diligent_d3d12_tex_mut_t04,rep3,diligent,d3d12,tex_mut,4,,0,ok,9557,50001,0x95bca375014e86d9,NVIDIA GeForce RTX 4050 Laptop GPU,1.3164,1.1406,1.97702,1.5539,1.3477,2.30104,1.3164,1.1406,1.97702,1.2046,1.03616,1.81029,0.1128,0.087,0.209832,0.5269,0.422956,0.6382,0,0,0,0,0,0,0.2405,0.1959,0.389644,2.0755,1.7908,2.88156,,,,0,,120,1,0,"DXGI flip-sequential (waitable), sync interval 0, DXGI_PRESENT_ALLOW_TEARING",,,
diligent_d3d12_tex_mut_t08,rep1,diligent,d3d12,tex_mut,8,,0,ok,11532,50001,0x95bca375014e86d9,NVIDIA GeForce RTX 4050 Laptop GPU,1.0996,0.875724,1.43128,1.3956,1.07862,1.80031,1.0996,0.875724,1.43128,0.9489,0.758543,1.21677,0.1461,0.0991,0.278307,0.3216,0.266293,0.407469,0,0,0,0,0,0,0.2875,0.1934,0.467852,1.7208,1.34972,2.19044,,,,0,,120,1,0,"DXGI flip-sequential (waitable), sync interval 0, DXGI_PRESENT_ALLOW_TEARING",,,
diligent_d3d12_tex_mut_t08,rep10,diligent,d3d12,tex_mut,8,,0,ok,11541,50001,0x95bca375014e86d9,NVIDIA GeForce RTX 4050 Laptop GPU,1.0926,0.88408,1.40618,1.3942,1.08524,1.77082,1.0926,0.88408,1.40618,0.9381,0.76878,1.2051,0.1473,0.0997,0.27896,0.3229,0.26462,0.40776,0,0,0,0,0,0,0.2897,0.1942,0.4683,1.7207,1.35556,2.15618,,,,0,,120,1,0,"DXGI flip-sequential (waitable), sync interval 0, DXGI_PRESENT_ALLOW_TEARING",,,
diligent_d3d12_tex_mut_t08,rep2,diligent,d3d12,tex_mut,8,,0,ok,11540,50001,0x95bca375014e86d9,NVIDIA GeForce RTX 4050 Laptop GPU,1.0888,0.887217,1.43493,1.3927,1.10179,1.78572,1.0888,0.887217,1.43493,0.9345,0.770239,1.21489,0.1492,0.102,0.284266,0.3221,0.267,0.4098,0,0,0,0,0,0,0.2945,0.198078,0.479422,1.7185,1.37231,2.19528,,,,0,,120,1,0,"DXGI flip-sequential (waitable), sync interval 0, DXGI_PRESENT_ALLOW_TEARING",,,
diligent_d3d12_tex_mut_t08,rep3,diligent,d3d12,tex_mut,8,,0,ok,11468,50001,0x95bca375014e86d9,NVIDIA GeForce RTX 4050 Laptop GPU,1.1061,0.889367,1.43036,1.4032,1.1012,1.79713,1.1061,0.889367,1.43036,0.9501,0.775168,1.21713,0.1489,0.0995,0.287232,0.3221,0.2678,0.4048,0,0,0,0,0,0,0.2894,0.1964,0.477433,1.7287,1.37337,2.1712,,,,0,,120,1,0,"DXGI flip-sequential (waitable), sync interval 0, DXGI_PRESENT_ALLOW_TEARING",,,
diligent_d3d12_tex_mut_t08,rep4,diligent,d3d12,tex_mut,8,,0,ok,11569,50001,0x95bca375014e86d9,NVIDIA GeForce RTX 4050 Laptop GPU,1.0867,0.878404,1.44866,1.3892,1.0801,1.81469,1.0867,0.878404,1.44866,0.9389,0.76634,1.23037,0.1462,0.0977,0.289392,0.3227,0.265904,0.408732,0,0,0,0,0,0,0.2914,0.192268,0.480964,1.7148,1.35517,2.17488,,,,0,,120,1,0,"DXGI flip-sequential (waitable), sync interval 0, DXGI_PRESENT_ALLOW_TEARING",,,
diligent_d3d12_tex_mut_t08,rep5,diligent,d3d12,tex_mut,8,,0,ok,10664,50001,0x95bca375014e86d9,NVIDIA GeForce RTX 4050 Laptop GPU,1.2419,1.05406,1.75401,1.49615,1.32076,2.11486,1.2419,1.05406,1.75401,1.0864,0.947289,1.56155,0.1441,0.100063,0.25797,0.3219,0.268263,0.407711,0,0,0,0,0,0,0.2539,0.1952,0.427637,1.8219,1.63776,2.49897,,,,0,,120,1,0,"DXGI flip-sequential (waitable), sync interval 0, DXGI_PRESENT_ALLOW_TEARING",,,
diligent_d3d12_tex_mut_t08,rep6,diligent,d3d12,tex_mut,8,,0,ok,11511,50001,0x95bca375014e86d9,NVIDIA GeForce RTX 4050 Laptop GPU,1.1042,0.8844,1.43838,1.3979,1.09306,1.8063,1.1042,0.8844,1.43838,0.953,0.77251,1.22898,0.145,0.0991,0.28308,0.3222,0.26421,0.40727,0,0,0,0,0,0,0.286,0.19431,0.48049,1.723,1.37046,2.19817,,,,0,,120,1,0,"DXGI flip-sequential (waitable), sync interval 0, DXGI_PRESENT_ALLOW_TEARING",,,
diligent_d3d12_tex_mut_t08,rep7,diligent,d3d12,tex_mut,8,,0,ok,11579,50001,0x95bca375014e86d9,NVIDIA GeForce RTX 4050 Laptop GPU,1.082,0.87069,1.41677,1.3851,1.06481,1.8096,1.082,0.87069,1.41677,0.9413,0.76298,1.19784,0.1385,0.0926,0.28481,0.3229,0.264512,0.4094,0,0,0,0,0,0,0.2931,0.185234,0.493566,1.7123,1.33335,2.18883,,,,0,,120,1,0,"DXGI flip-sequential (waitable), sync interval 0, DXGI_PRESENT_ALLOW_TEARING",,,
diligent_d3d12_tex_mut_t08,rep8,diligent,d3d12,tex_mut,8,,0,ok,11561,50001,0x95bca375014e86d9,NVIDIA GeForce RTX 4050 Laptop GPU,1.0918,0.8477,1.42086,1.3918,1.03486,1.78458,1.0918,0.8477,1.42086,0.9392,0.74172,1.2005,0.1474,0.09692,0.28166,0.3234,0.25096,0.4092,0,0,0,0,0,0,0.2909,0.18836,0.47944,1.7188,1.29996,2.1723,,,,0,,120,1,0,"DXGI flip-sequential (waitable), sync interval 0, DXGI_PRESENT_ALLOW_TEARING",,,
diligent_d3d12_tex_mut_t08,rep9,diligent,d3d12,tex_mut,8,,0,ok,11497,50001,0x95bca375014e86d9,NVIDIA GeForce RTX 4050 Laptop GPU,1.0934,0.88738,1.44881,1.3953,1.10289,1.84633,1.0934,0.88738,1.44881,0.9412,0.773768,1.22672,0.1472,0.100496,0.288516,0.3228,0.2688,0.4105,0,0,0,0,0,0,0.2909,0.195692,0.487712,1.7209,1.37849,2.25271,,,,0,,120,1,0,"DXGI flip-sequential (waitable), sync interval 0, DXGI_PRESENT_ALLOW_TEARING",,,
diligent_d3d12_tex_mut_t15,rep1,diligent,d3d12,tex_mut,15,,0,ok,13288,50001,0x95bca375014e86d9,NVIDIA GeForce RTX 4050 Laptop GPU,0.92845,0.771274,1.40563,1.20725,0.988874,1.77091,0.92845,0.771274,1.40563,0.76045,0.633,1.11412,0.1645,0.1294,0.342826,0.2353,0.1819,0.403513,0,0,0,0,0,0,0.2609,0.2025,0.510126,1.45585,1.19319,2.11134,,,,0,,120,1,0,"DXGI flip-sequential (waitable), sync interval 0, DXGI_PRESENT_ALLOW_TEARING",,,
diligent_d3d12_tex_mut_t15,rep2,diligent,d3d12,tex_mut,15,,0,ok,13462,50001,0x95bca375014e86d9,NVIDIA GeForce RTX 4050 Laptop GPU,0.921,0.769183,1.37494,1.1951,0.9847,1.72557,0.921,0.769183,1.37494,0.7564,0.633861,1.10622,0.1609,0.1251,0.3399,0.2308,0.1799,0.382839,0,0,0,0,0,0,0.2581,0.198022,0.510534,1.4368,1.18746,2.04731,,,,0,,120,1,0,"DXGI flip-sequential (waitable), sync interval 0, DXGI_PRESENT_ALLOW_TEARING",,,
diligent_d3d12_tex_mut_t15,rep3,diligent,d3d12,tex_mut,15,,0,ok,13470,50001,0x95bca375014e86d9,NVIDIA GeForce RTX 4050 Laptop GPU,0.9208,0.7657,1.39775,1.18925,0.978469,1.74788,0.9208,0.7657,1.39775,0.7553,0.632669,1.10942,0.1621,0.1239,0.34131,0.2318,0.18,0.386031,0,0,0,0,0,0,0.2536,0.196469,0.515124,1.43315,1.17971,2.06239,,,,0,,120,1,0,"DXGI flip-sequential (waitable), sync interval 0, DXGI_PRESENT_ALLOW_TEARING",,,
diligent_d3d12_bindless_t01,rep1,diligent,d3d12,bindless,1,,0,ok,5960,50001,0x95bca375014e86d9,NVIDIA GeForce RTX 4050 Laptop GPU,1.364,1.30176,1.6664,1.6523,1.52375,2.09835,1.364,1.30176,1.6664,1.25845,1.22866,1.5116,0.1061,0.069218,0.178846,1.6641,1.64086,2.01378,0,0,0,0,0,0,0.2869,0.2186,0.463123,3.3209,3.17482,3.96866,,,,0,,120,1,0,"DXGI flip-sequential (waitable), sync interval 0, DXGI_PRESENT_ALLOW_TEARING",,,
diligent_d3d12_bindless_t01,rep10,diligent,d3d12,bindless,1,,0,ok,5964,50001,0x95bca375014e86d9,NVIDIA GeForce RTX 4050 Laptop GPU,1.3667,1.30426,1.63189,1.6509,1.52939,2.03681,1.3667,1.30426,1.63189,1.2633,1.23176,1.48787,0.1036,0.069326,0.172107,1.668,1.64566,1.97708,0,0,0,0,0,0,0.2818,0.221226,0.449292,3.3246,3.1832,3.88788,,,,0,,120,1,0,"DXGI flip-sequential (waitable), sync interval 0, DXGI_PRESENT_ALLOW_TEARING",,,
diligent_d3d12_bindless_t01,rep2,diligent,d3d12,bindless,1,,0,ok,5981,50001,0x95bca375014e86d9,NVIDIA GeForce RTX 4050 Laptop GPU,1.364,1.31298,1.60144,1.6378,1.54158,2.02898,1.364,1.31298,1.60144,1.2664,1.2388,1.47044,0.0981,0.0714,0.16822,1.6665,1.6456,1.98648,0,0,0,0,0,0,0.2722,0.2236,0.43516,3.3085,3.19432,3.87156,,,,0,,120,1,0,"DXGI flip-sequential (waitable), sync interval 0, DXGI_PRESENT_ALLOW_TEARING",,,
diligent_d3d12_bindless_t01,rep3,diligent,d3d12,bindless,1,,0,ok,5924,50001,0x95bca375014e86d9,NVIDIA GeForce RTX 4050 Laptop GPU,1.3763,1.31222,1.64456,1.6708,1.54155,2.06692,1.3763,1.31222,1.64456,1.2676,1.23702,1.48427,0.1093,0.071923,0.1793,1.6716,1.649,1.97933,0,0,0,0,0,0,0.29155,0.224823,0.464577,3.34675,3.20052,3.90978,,,,0,,120,1,0,"DXGI flip-sequential (waitable), sync interval 0, DXGI_PRESENT_ALLOW_TEARING",,,
diligent_d3d12_bindless_t01,rep4,diligent,d3d12,bindless,1,,0,ok,5921,50001,0x95bca375014e86d9,NVIDIA GeForce RTX 4050 Laptop GPU,1.367,1.30232,1.66734,1.6548,1.52286,2.08612,1.367,1.30232,1.66734,1.263,1.23192,1.52004,0.1039,0.06622,0.17196,1.6886,1.666,2.02078,0,0,0,0,0,0,0.2863,0.21666,0.45846,3.3471,3.19602,3.9753,,,,0,,120,1,0,"DXGI flip-sequential (waitable), sync interval 0, DXGI_PRESENT_ALLOW_TEARING",,,
diligent_d3d12_bindless_t01,rep5,diligent,d3d12,bindless,1,,0,ok,5734,50001,0x95bca375014e86d9,NVIDIA GeForce RTX 4050 Laptop GPU,1.47595,1.40873,1.72137,1.77125,1.63607,2.14057,1.47595,1.40873,1.72137,1.3659,1.3341,1.57367,0.1109,0.0715,0.181868,1.6814,1.65883,2.01984,0,0,0,0,0,0,0.29305,0.2246,0.466468,3.4574,3.30673,4.04315,,,,0,,120,1,0,"DXGI flip-sequential (waitable), sync interval 0, DXGI_PRESENT_ALLOW_TEARING",,,
diligent_d3d12_bindless_t01,rep6,diligent,d3d12,bindless,1,,0,ok,5942,50001,0x95bca375014e86d9,NVIDIA GeForce RTX 4050 Laptop GPU,1.3708,1.29878,1.65009,1.6635,1.51694,2.10228,1.3708,1.29878,1.65009,1.2616,1.22958,1.48881,0.10925,0.064023,0.1788,1.6685,1.6462,1.98149,0,0,0,0,0,0,0.2916,0.216141,0.475547,3.3367,3.17152,3.93717,,,,0,,120,1,0,"DXGI flip-sequential (waitable), sync interval 0, DXGI_PRESENT_ALLOW_TEARING",,,
diligent_d3d12_bindless_t01,rep7,diligent,d3d12,bindless,1,,0,ok,5928,50001,0x95bca375014e86d9,NVIDIA GeForce RTX 4050 Laptop GPU,1.3696,1.3008,1.60907,1.6626,1.52263,2.00619,1.3696,1.3008,1.60907,1.2623,1.23153,1.46428,0.1074,0.066554,0.177319,1.6816,1.6556,2.00181,0,0,0,0,0,0,0.2901,0.217827,0.444438,3.3479,3.18905,3.89287,,,,0,,120,1,0,"DXGI flip-sequential (waitable), sync interval 0, DXGI_PRESENT_ALLOW_TEARING",,,
diligent_d3d12_bindless_t01,rep8,diligent,d3d12,bindless,1,,0,ok,5909,50001,0x95bca375014e86d9,NVIDIA GeForce RTX 4050 Laptop GPU,1.3922,1.32721,1.66038,1.679,1.55076,2.07352,1.3922,1.32721,1.66038,1.288,1.2563,1.50341,0.104,0.067708,0.1711,1.6711,1.64671,1.97905,0,0,0,0,0,0,0.2841,0.220324,0.452032,3.3555,3.20742,3.96015,,,,0,,120,1,0,"DXGI flip-sequential (waitable), sync interval 0, DXGI_PRESENT_ALLOW_TEARING",,,
diligent_d3d12_bindless_t01,rep9,diligent,d3d12,bindless,1,,0,ok,5936,50001,0x95bca375014e86d9,NVIDIA GeForce RTX 4050 Laptop GPU,1.3686,1.30254,1.63453,1.6615,1.5302,2.0743,1.3686,1.30254,1.63453,1.2617,1.23053,1.48749,0.1067,0.068735,0.176555,1.6727,1.6487,1.99614,0,0,0,0,0,0,0.2916,0.22188,0.467555,3.33835,3.1872,3.94,,,,0,,120,1,0,"DXGI flip-sequential (waitable), sync interval 0, DXGI_PRESENT_ALLOW_TEARING",,,
diligent_d3d12_bindless_t02,rep1,diligent,d3d12,bindless,2,,0,ok,8538,50001,0x95bca375014e86d9,NVIDIA GeForce RTX 4050 Laptop GPU,1.1271,1.0605,1.36056,1.3874,1.27971,1.76279,1.1271,1.0605,1.36056,1.0213,0.9683,1.17529,0.1106,0.0856,0.219789,0.8794,0.822537,1.17998,0,0,0,0,0,0,0.2604,0.211137,0.429178,2.33235,2.1549,2.85291,,,,0,,120,1,0,"DXGI flip-sequential (waitable), sync interval 0, DXGI_PRESENT_ALLOW_TEARING",,,
diligent_d3d12_bindless_t02,rep2,diligent,d3d12,bindless,2,,0,ok,10116,50001,0x95bca375014e86d9,NVIDIA GeForce RTX 4050 Laptop GPU,0.8209,0.7632,1.17914,1.0739,0.97023,1.54948,0.8209,0.7632,1.17914,0.7182,0.673245,1.02089,0.1018,0.0768,0.1933,0.8406,0.823,1.129,0,0,0,0,0,0,0.2495,0.1989,0.41368,1.9323,1.8045,2.6425,,,,0,,120,1,0,"DXGI flip-sequential (waitable), sync interval 0, DXGI_PRESENT_ALLOW_TEARING",,,
diligent_d3d12_bindless_t02,rep3,diligent,d3d12,bindless,2,,0,ok,9960,50001,0x95bca375014e86d9,NVIDIA GeForce RTX 4050 Laptop GPU,0.8316,0.770318,1.20012,1.0781,0.970918,1.57512,0.8316,0.770318,1.20012,0.7284,0.6809,1.03711,0.1033,0.075959,0.196046,0.866,0.845,1.17565,0,0,0,0,0,0,0.2435,0.1888,0.405969,1.9624,1.8264,2.67696,,,,0,,120,1,0,"DXGI flip-sequential (waitable), sync interval 0, DXGI_PRESENT_ALLOW_TEARING",,,
diligent_d3d12_bindless_t02,rep4,diligent,d3d12,bindless,2,,0,ok,10109,50001,0x95bca375014e86d9,NVIDIA GeForce RTX 4050 Laptop GPU,0.8226,0.767908,1.18196,1.0709,0.968,1.55327,0.8226,0.767908,1.18196,0.7231,0.680008,1.01718,0.0987,0.0731,0.191376,0.843,0.8259,1.13317,0,0,0,0,0,0,0.245,0.1907,0.408,1.9308,1.80462,2.62737,,,,0,,120,1,0,"DXGI flip-sequential (waitable), sync interval 0, DXGI_PRESENT_ALLOW_TEARING",,,
diligent_d3d12_bindless_t02,rep5,diligent,d3d12,bindless,2,,0,ok,10021,50001,0x95bca375014e86d9,NVIDIA GeForce RTX 4050 Laptop GPU,0.8321,0.77206,1.18606,1.0784,0.9727,1.5586,0.8321,0.77206,1.18606,0.7306,0.68632,1.02628,0.1009,0.07472,0.19242,0.8509,0.8327,1.14636,0,0,0,0,0,0,0.2437,0.19182,0.40816,1.9468,1.81374,2.66546,,,,0,,120,1,0,"DXGI flip-sequential (waitable), sync interval 0, DXGI_PRESENT_ALLOW_TEARING",,,
diligent_d3d12_bindless_t02,rep6,diligent,d3d12,bindless,2,,0,ok,10088,50001,0x95bca375014e86d9,NVIDIA GeForce RTX 4050 Laptop GPU,0.8295,0.772687,1.19671,1.07415,0.9693,1.55553,0.8295,0.772687,1.19671,0.7306,0.6848,1.02626,0.0985,0.073787,0.1948,0.8469,0.832587,1.13424,0,0,0,0,0,0,0.2411,0.189487,0.39573,1.9369,1.81377,2.62839,,,,0,,120,1,0,"DXGI flip-sequential (waitable), sync interval 0, DXGI_PRESENT_ALLOW_TEARING",,,
diligent_d3d12_bindless_t04,rep1,diligent,d3d12,bindless,4,,0,ok,14908,50001,0x95bca375014e86d9,NVIDIA GeForce RTX 4050 Laptop GPU,0.57885,0.468807,0.906237,0.8263,0.697907,1.27072,0.57885,0.468807,0.906237,0.4623,0.3869,0.730986,0.1135,0.078807,0.203893,0.5036,0.409807,0.632,0,0,0,0,0,0,0.2424,0.185,0.436893,1.31725,1.14821,1.85769,,,,0,,120,1,0,"DXGI flip-sequential (waitable), sync interval 0, DXGI_PRESENT_ALLOW_TEARING",,,
diligent_d3d12_bindless_t04,rep2,diligent,d3d12,bindless,4,,0,ok,14646,50001,0x95bca375014e86d9,NVIDIA GeForce RTX 4050 Laptop GPU,0.598,0.470245,0.897505,0.849,0.702345,1.26286,0.598,0.470245,0.897505,0.4784,0.387545,0.721865,0.1128,0.0793,0.204455,0.506,0.4114,0.633655,0,0,0,0,0,0,0.2409,0.1873,0.43947,1.3366,1.16149,1.84216,,,,0,,120,1,0,"DXGI flip-sequential (waitable), sync interval 0, DXGI_PRESENT_ALLOW_TEARING",,,
diligent_d3d12_bindless_t04,rep3,diligent,d3d12,bindless,4,,0,ok,15077,50001,0x95bca375014e86d9,NVIDIA GeForce RTX 4050 Laptop GPU,0.5635,0.4601,0.866248,0.8075,0.676476,1.23564,0.5635,0.4601,0.866248,0.4473,0.3818,0.691244,0.1113,0.075876,0.210692,0.5074,0.4146,0.6324,0,0,0,0,0,0,0.2452,0.1791,0.436548,1.3027,1.1153,1.8268,,,,0,,120,1,0,"DXGI flip-sequential (waitable), sync interval 0, DXGI_PRESENT_ALLOW_TEARING",,,
diligent_d3d12_bindless_t04,rep4,diligent,d3d12,bindless,4,,0,ok,15007,50001,0x95bca375014e86d9,NVIDIA GeForce RTX 4050 Laptop GPU,0.5711,0.4673,0.888768,0.8167,0.690306,1.26257,0.5711,0.4673,0.888768,0.4528,0.3856,0.710876,0.1151,0.079606,0.205494,0.5055,0.4125,0.634994,0,0,0,0,0,0,0.2426,0.1845,0.4294,1.3091,1.13202,1.85459,,,,0,,120,1,0,"DXGI flip-sequential (waitable), sync interval 0, DXGI_PRESENT_ALLOW_TEARING",,,
diligent_d3d12_bindless_t04,rep5,diligent,d3d12,bindless,4,,0,ok,15051,50001,0x95bca375014e86d9,NVIDIA GeForce RTX 4050 Laptop GPU,0.5669,0.46395,0.8618,0.8136,0.6882,1.2021,0.5669,0.46395,0.8618,0.449,0.3837,0.6944,0.1134,0.078,0.20815,0.5058,0.4124,0.62815,0,0,0,0,0,0,0.2454,0.1845,0.4321,1.3078,1.1342,1.7698,,,,0,,120,1,0,"DXGI flip-sequential (waitable), sync interval 0, DXGI_PRESENT_ALLOW_TEARING",,,
diligent_d3d12_bindless_t04,rep6,diligent,d3d12,bindless,4,,0,ok,14986,50001,0x95bca375014e86d9,NVIDIA GeForce RTX 4050 Laptop GPU,0.5724,0.4681,0.883915,0.8178,0.692185,1.21522,0.5724,0.4681,0.883915,0.4536,0.3862,0.701645,0.1154,0.0794,0.209205,0.5068,0.413285,0.6349,0,0,0,0,0,0,0.2432,0.1856,0.42523,1.3125,1.14205,1.80864,,,,0,,120,1,0,"DXGI flip-sequential (waitable), sync interval 0, DXGI_PRESENT_ALLOW_TEARING",,,
diligent_d3d12_bindless_t08,rep1,diligent,d3d12,bindless,8,,0,ok,18088,50001,0x95bca375014e86d9,NVIDIA GeForce RTX 4050 Laptop GPU,0.4954,0.4149,0.808813,0.7573,0.5975,1.18224,0.4954,0.4149,0.808813,0.381,0.3193,0.579039,0.1125,0.088687,0.252626,0.3182,0.2627,0.404113,0,0,0,0,0,0,0.2401,0.1737,0.489113,1.079,0.911687,1.5433,,,,0,,120,1,0,"DXGI flip-sequential (waitable), sync interval 0, DXGI_PRESENT_ALLOW_TEARING",,,
diligent_d3d12_bindless_t08,rep2,diligent,d3d12,bindless,8,,0,ok,17711,50001,0x95bca375014e86d9,NVIDIA GeForce RTX 4050 Laptop GPU,0.5074,0.41031,0.81958,0.8023,0.5945,1.1746,0.5074,0.41031,0.81958,0.3918,0.3149,0.6263,0.114,0.0879,0.25589,0.318,0.2614,0.40308,0,0,0,0,0,0,0.2499,0.1737,0.48669,1.1209,0.9067,1.53302,,,,0,,120,1,0,"DXGI flip-sequential (waitable), sync interval 0, DXGI_PRESENT_ALLOW_TEARING",,,
diligent_d3d12_bindless_t08,rep3,diligent,d3d12,bindless,8,,0,ok,17857,50001,0x95bca375014e86d9,NVIDIA GeForce RTX 4050 Laptop GPU,0.5031,0.4183,0.824188,0.7781,0.6019,1.1895,0.5031,0.4183,0.824188,0.383,0.319,0.586044,0.1174,0.0917,0.2649,0.3192,0.260656,0.404552,0,0,0,0,0,0,0.247,0.1742,0.4906,1.099,0.9164,1.56712,,,,0,,120,1,0,"DXGI flip-sequential (waitable), sync interval 0, DXGI_PRESENT_ALLOW_TEARING",,,
diligent_d3d12_bindless_t08,rep4,diligent,d3d12,bindless,8,,0,ok,17668,50001,0x95bca375014e86d9,NVIDIA GeForce RTX 4050 Laptop GPU,0.4996,0.415,0.823165,0.7892,0.601,1.19736,0.4996,0.415,0.823165,0.382,0.3174,0.590633,0.1152,0.089067,0.259265,0.3262,0.2668,0.415,0,0,0,0,0,0,0.257,0.1767,0.491799,1.1175,0.919367,1.57453,,,,0,,120,1,0,"DXGI flip-sequential (waitable), sync interval 0, DXGI_PRESENT_ALLOW_TEARING",,,
diligent_d3d12_bindless_t08,rep5,diligent,d3d12,bindless,8,,0,ok,17858,50001,0x95bca375014e86d9,NVIDIA GeForce RTX 4050 Laptop GPU,0.4991,0.4153,0.815072,0.77825,0.5988,1.1847,0.4991,0.4153,0.815072,0.3818,0.3176,0.584501,0.1158,0.089957,0.260343,0.3213,0.262557,0.411643,0,0,0,0,0,0,0.2496,0.1736,0.495643,1.1011,0.914957,1.55267,,,,0,,120,1,0,"DXGI flip-sequential (waitable), sync interval 0, DXGI_PRESENT_ALLOW_TEARING",,,
diligent_d3d12_bindless_t15,rep1,diligent,d3d12,bindless,15,,0,ok,17884,50001,0x95bca375014e86d9,NVIDIA GeForce RTX 4050 Laptop GPU,0.5682,0.4826,0.9053,0.8854,0.6746,1.25315,0.5682,0.4826,0.9053,0.4185,0.3577,0.616636,0.1488,0.1183,0.323251,0.221,0.1765,0.346834,0,0,0,0,0,0,0.2675,0.181983,0.486117,1.1046,0.864566,1.5724,,,,0,,120,1,0,"DXGI flip-sequential (waitable), sync interval 0, DXGI_PRESENT_ALLOW_TEARING",,,
diligent_d3d12_bindless_t15,rep2,diligent,d3d12,bindless,15,,0,ok,17946,50001,0x95bca375014e86d9,NVIDIA GeForce RTX 4050 Laptop GPU,0.5643,0.479745,0.906755,0.8739,0.673945,1.2543,0.5643,0.479745,0.906755,0.4154,0.3546,0.62452,0.1487,0.1182,0.323675,0.2227,0.1762,0.3497,0,0,0,0,0,0,0.2646,0.1833,0.47841,1.0965,0.8639,1.57966,,,,0,,120,1,0,"DXGI flip-sequential (waitable), sync interval 0, DXGI_PRESENT_ALLOW_TEARING",,,
diligent_d3d12_bindless_t15,rep3,diligent,d3d12,bindless,15,,0,ok,17866,50001,0x95bca375014e86d9,NVIDIA GeForce RTX 4050 Laptop GPU,0.5694,0.4819,0.922505,0.8852,0.676765,1.26955,0.5694,0.4819,0.922505,0.418,0.3563,0.624705,0.1501,0.119,0.327335,0.2208,0.1755,0.347905,0,0,0,0,0,0,0.2675,0.1837,0.481335,1.10655,0.86523,1.59704,,,,0,,120,1,0,"DXGI flip-sequential (waitable), sync interval 0, DXGI_PRESENT_ALLOW_TEARING",,,
nvrhi_d3d12_mut_t01,rep1,nvrhi,d3d12,mut,1,,0,ok,1651,50001,0x95bca375014e86d9,NVIDIA GeForce RTX 4050 Laptop GPU,9.7464,8.6522,13.1615,10.137,8.9667,13.6584,9.7552,8.65945,13.1695,9.6079,8.5312,12.9549,0.1272,0.1069,0.2512,1.6927,1.66125,2.2231,0.0094,0.00745,0.01995,0.007,0.0056,0.0154,0.3459,0.2845,0.691,11.9213,10.7059,15.4305,,,,0,,120,1,0,"DXGI flip-discard, sync interval 0, DXGI_PRESENT_ALLOW_TEARING",false,0,
nvrhi_d3d12_mut_t01,rep2,nvrhi,d3d12,mut,1,,0,ok,1625,50001,0x95bca375014e86d9,NVIDIA GeForce RTX 4050 Laptop GPU,9.889,8.72037,14.9091,10.2467,9.04619,15.4829,9.8951,8.72726,14.9192,9.7547,8.60082,14.7428,0.1273,0.10772,0.245876,1.6697,1.6376,2.14808,0.0096,0.0078,0.020552,0.007,0.0058,0.015552,0.3475,0.281976,0.7126,12.0055,10.7605,17.2735,,,,0,,120,1,0,"DXGI flip-discard, sync interval 0, DXGI_PRESENT_ALLOW_TEARING",false,0,
nvrhi_d3d12_mut_t01,rep3,nvrhi,d3d12,mut,1,,0,ok,1710,50001,0x95bca375014e86d9,NVIDIA GeForce RTX 4050 Laptop GPU,9.3839,8.66684,12.1524,9.75775,8.98963,12.604,9.3911,8.67456,12.1592,9.25155,8.54644,12.0231,0.1248,0.105509,0.234191,1.6741,1.643,2.1484,0.0097,0.0078,0.0207,0.0072,0.0057,0.015764,0.34335,0.284645,0.646068,11.5047,10.6996,14.327,,,,0,,120,1,0,"DXGI flip-discard, sync interval 0, DXGI_PRESENT_ALLOW_TEARING",false,0,
nvrhi_d3d12_mut_t01,rep4,nvrhi,d3d12,mut,1,,0,ok,1207,50001,0x95bca375014e86d9,NVIDIA GeForce RTX 4050 Laptop GPU,14.3526,12.1231,18.3344,14.7401,12.4728,18.8424,14.3597,12.13,18.3411,14.2226,11.9919,18.1521,0.1305,0.112084,0.248156,1.6591,1.62215,2.15272,0.0099,0.0082,0.0219,0.0072,0.0062,0.017552,0.3568,0.291306,0.755936,16.4829,14.1726,20.5483,,,,0,,120,1,0,"DXGI flip-discard, sync interval 0, DXGI_PRESENT_ALLOW_TEARING",true,1,
nvrhi_d3d12_mut_t01,rep5,nvrhi,d3d12,mut,1,,0,ok,1177,50001,0x95bca375014e86d9,NVIDIA GeForce RTX 4050 Laptop GPU,14.7471,12.4656,18.6873,15.1147,12.8111,19.088,14.7546,12.4725,18.6986,14.5917,12.3442,18.5331,0.1292,0.113,0.264396,1.6674,1.63385,2.12413,0.0098,0.008,0.021224,0.0073,0.006076,0.017348,0.3528,0.288712,0.737928,16.8776,14.5154,20.9218,,,,0,,120,1,0,"DXGI flip-discard, sync interval 0, DXGI_PRESENT_ALLOW_TEARING",true,1,
nvrhi_d3d12_mut_t01,rep6,nvrhi,d3d12,mut,1,,0,ok,1655,50001,0x95bca375014e86d9,NVIDIA GeForce RTX 4050 Laptop GPU,9.7721,8.72067,12.8055,10.1551,9.0586,13.2685,9.7854,8.72695,12.8121,9.6357,8.60255,12.6383,0.1269,0.103508,0.247706,1.6688,1.63435,2.1406,0.0096,0.0075,0.022746,0.0069,0.005454,0.018346,0.3494,0.287154,0.69543,11.9052,10.7585,15.1029,,,,0,,120,1,0,"DXGI flip-discard, sync interval 0, DXGI_PRESENT_ALLOW_TEARING",false,0,
nvrhi_d3d12_mut_t02,rep1,nvrhi,d3d12,mut,2,,0,ok,2449,50001,0x95bca375014e86d9,NVIDIA GeForce RTX 4050 Laptop GPU,6.5364,6.29254,8.67577,6.8713,6.58431,9.02273,6.5451,6.29958,8.68312,6.4221,6.19834,8.5662,0.1058,0.085848,0.180552,1.005,0.9776,1.4136,0.0094,0.0072,0.0188,0.0076,0.0057,0.015152,0.3216,0.263548,0.576148,7.9859,7.61934,10.0745,,,,0,,120,1,0,"DXGI flip-discard, sync interval 0, DXGI_PRESENT_ALLOW_TEARING",true,1,
nvrhi_d3d12_mut_t02,rep2,nvrhi,d3d12,mut,2,,0,ok,3173,50001,0x95bca375014e86d9,NVIDIA GeForce RTX 4050 Laptop GPU,4.9199,4.72567,6.82925,5.2396,4.99376,7.17471,4.9272,4.7325,6.83586,4.8161,4.64172,6.71929,0.0987,0.075772,0.162052,0.8492,0.8267,1.24797,0.0087,0.0063,0.017028,0.0068,0.0048,0.0136,0.3072,0.248088,0.51998,6.1579,5.86849,8.12202,,,,0,,120,1,0,"DXGI flip-discard, sync interval 0, DXGI_PRESENT_ALLOW_TEARING",false,0,
nvrhi_d3d12_mut_t02,rep3,nvrhi,d3d12,mut,2,,0,ok,3286,50001,0x95bca375014e86d9,NVIDIA GeForce RTX 4050 Laptop GPU,4.7026,4.53215,6.73243,5.0196,4.78845,7.0865,4.7091,4.53808,6.74051,4.6013,4.45268,6.61668,0.0966,0.0739,0.159225,0.8482,0.826385,1.15808,0.0083,0.0059,0.015215,0.0065,0.0044,0.0123,0.3028,0.24347,0.52082,5.94565,5.65983,8.02002,,,,0,,120,1,0,"DXGI flip-discard, sync interval 0, DXGI_PRESENT_ALLOW_TEARING",false,0,
nvrhi_d3d12_mut_t04,rep1,nvrhi,d3d12,mut,4,,0,ok,4643,50001,0x95bca375014e86d9,NVIDIA GeForce RTX 4050 Laptop GPU,3.4083,3.24915,4.67492,3.6905,3.48721,5.01677,3.4161,3.25554,4.68323,3.3189,3.17284,4.55409,0.0891,0.0698,0.143074,0.5248,0.414642,0.640422,0.0089,0.0066,0.0159,0.0074,0.0054,0.0136,0.2777,0.231384,0.407644,4.231,3.9694,5.64113,,,,0,,120,1,0,"DXGI flip-discard, sync interval 0, DXGI_PRESENT_ALLOW_TEARING",true,1,
nvrhi_d3d12_mut_t04,rep2,nvrhi,d3d12,mut,4,,0,ok,4619,50001,0x95bca375014e86d9,NVIDIA GeForce RTX 4050 Laptop GPU,3.411,3.24411,4.84361,3.6895,3.48389,5.23876,3.4185,3.24992,4.85781,3.3216,3.16914,4.69249,0.0899,0.070818,0.160482,0.5239,0.417972,0.643214,0.0085,0.0063,0.0164,0.0071,0.0051,0.014,0.2778,0.2312,0.450956,4.2333,3.96696,5.88193,,,,0,,120,1,0,"DXGI flip-discard, sync interval 0, DXGI_PRESENT_ALLOW_TEARING",true,1,
nvrhi_d3d12_mut_t04,rep3,nvrhi,d3d12,mut,4,,0,ok,4577,50001,0x95bca375014e86d9,NVIDIA GeForce RTX 4050 Laptop GPU,3.4516,3.29438,4.73607,3.7326,3.53208,5.09326,3.4591,3.30098,4.74361,3.3633,3.22218,4.62289,0.0881,0.0684,0.13812,0.5259,0.420076,0.639624,0.0089,0.0065,0.0149,0.0075,0.0054,0.0126,0.2781,0.230876,0.401116,4.2773,4.02813,5.69815,,,,0,,120,1,0,"DXGI flip-discard, sync interval 0, DXGI_PRESENT_ALLOW_TEARING",true,2,
nvrhi_d3d12_mut_t08,rep1,nvrhi,d3d12,mut,8,,0,ok,6590,50001,0x95bca375014e86d9,NVIDIA GeForce RTX 4050 Laptop GPU,2.3048,2.00788,3.09561,2.59855,2.2574,3.48807,2.31615,2.01716,3.11034,2.20705,1.92829,2.95654,0.0927,0.0714,0.187022,0.3244,0.271389,0.545654,0.0115,0.0082,0.0276,0.0101,0.0072,0.0245,0.2805,0.227589,0.490042,2.97165,2.57428,3.94647,,,,0,,120,1,0,"DXGI flip-discard, sync interval 0, DXGI_PRESENT_ALLOW_TEARING",true,1,
nvrhi_d3d12_mut_t08,rep2,nvrhi,d3d12,mut,8,,0,ok,6779,50001,0x95bca375014e86d9,NVIDIA GeForce RTX 4050 Laptop GPU,2.2801,2.01025,2.90046,2.5608,2.25351,3.24659,2.2895,2.01889,2.91137,2.1868,1.92888,2.77311,0.0867,0.070578,0.13841,0.3233,0.271078,0.413344,0.0103,0.0079,0.020022,0.0091,0.0069,0.017422,0.2655,0.226078,0.391422,2.9179,2.57491,3.66157,,,,0,,120,1,0,"DXGI flip-discard, sync interval 0, DXGI_PRESENT_ALLOW_TEARING",true,2,
nvrhi_d3d12_mut_t08,rep3,nvrhi,d3d12,mut,8,,0,ok,6898,50001,0x95bca375014e86d9,NVIDIA GeForce RTX 4050 Laptop GPU,2.2056,1.97509,2.8318,2.48285,2.22559,3.1789,2.21475,1.9844,2.84796,2.1151,1.8946,2.71533,0.0865,0.0703,0.142803,0.3226,0.269897,0.411812,0.0105,0.0081,0.021103,0.0092,0.007,0.018203,0.2672,0.2274,0.402409,2.8382,2.55076,3.60252,,,,0,,120,1,0,"DXGI flip-discard, sync interval 0, DXGI_PRESENT_ALLOW_TEARING",true,1,
nvrhi_d3d12_mut_t15,rep1,nvrhi,d3d12,mut,15,,0,ok,7928,50001,0x95bca375014e86d9,NVIDIA GeForce RTX 4050 Laptop GPU,1.7958,1.44531,2.83992,2.0963,1.72025,3.24046,1.81265,1.4573,2.8605,1.6867,1.33041,2.67454,0.108,0.0821,0.210973,0.2449,0.1802,0.502755,0.0169,0.0122,0.0411,0.0154,0.011,0.037746,0.289,0.2326,0.487646,2.40045,1.93983,3.6366,,,,0,,120,1,0,"DXGI flip-discard, sync interval 0, DXGI_PRESENT_ALLOW_TEARING",true,3,
nvrhi_d3d12_mut_t15,rep2,nvrhi,d3d12,mut,15,,0,ok,9003,50001,0x95bca375014e86d9,NVIDIA GeForce RTX 4050 Laptop GPU,1.6185,1.40942,2.49509,1.8858,1.69911,2.8322,1.6334,1.4228,2.51309,1.5202,1.30852,2.3684,0.1003,0.0823,0.159398,0.2131,0.178502,0.34819,0.0156,0.0129,0.0285,0.0143,0.0118,0.025898,0.2674,0.231202,0.411578,2.1343,1.9217,3.18215,,,,0,,120,1,0,"DXGI flip-discard, sync interval 0, DXGI_PRESENT_ALLOW_TEARING",true,2,
nvrhi_d3d12_mut_t15,rep3,nvrhi,d3d12,mut,15,,0,ok,9023,50001,0x95bca375014e86d9,NVIDIA GeForce RTX 4050 Laptop GPU,1.6074,1.38409,2.5671,1.8745,1.69054,2.90413,1.6217,1.39711,2.58397,1.509,1.28892,2.44157,0.101,0.082,0.161334,0.2025,0.1788,0.349724,0.0156,0.0129,0.028178,0.0144,0.0118,0.025878,0.2704,0.2318,0.409434,2.1205,1.9106,3.26628,,,,0,,120,1,0,"DXGI flip-discard, sync interval 0, DXGI_PRESENT_ALLOW_TEARING",true,4,
nvrhi_d3d12_mut_t15,rep4,nvrhi,d3d12,mut,15,,0,ok,8966,50001,0x95bca375014e86d9,NVIDIA GeForce RTX 4050 Laptop GPU,1.6222,1.40179,2.57832,1.8878,1.70503,2.91287,1.636,1.41343,2.59693,1.524,1.30716,2.43775,0.0998,0.0812,0.15967,0.2095,0.1777,0.350035,0.0148,0.0119,0.028,0.0135,0.0108,0.026035,0.2673,0.2294,0.40847,2.1327,1.92399,3.26209,,,,0,,120,1,0,"DXGI flip-discard, sync interval 0, DXGI_PRESENT_ALLOW_TEARING",true,4,
nvrhi_d3d12_mut_t15,rep5,nvrhi,d3d12,mut,15,,0,ok,8972,50001,0x95bca375014e86d9,NVIDIA GeForce RTX 4050 Laptop GPU,1.6241,1.3937,2.56049,1.8903,1.69074,2.88175,1.63905,1.40696,2.58116,1.5269,1.29877,2.42959,0.0984,0.0811,0.1572,0.2119,0.1786,0.3446,0.0157,0.013,0.029729,0.0144,0.0119,0.027287,0.2666,0.226971,0.404129,2.1384,1.91377,3.21807,,,,0,,120,1,0,"DXGI flip-discard, sync interval 0, DXGI_PRESENT_ALLOW_TEARING",true,4,
nvrhi_d3d12_mut_t15,rep6,nvrhi,d3d12,mut,15,,0,ok,8981,50001,0x95bca375014e86d9,NVIDIA GeForce RTX 4050 Laptop GPU,1.6128,1.3927,2.5433,1.8816,1.68906,2.8821,1.6279,1.40532,2.56204,1.5131,1.29658,2.41686,0.1018,0.0825,0.16424,0.209,0.179,0.3446,0.0159,0.0132,0.0288,0.0146,0.0121,0.02662,0.2701,0.23078,0.41506,2.1296,1.91104,3.24284,,,,0,,120,1,0,"DXGI flip-discard, sync interval 0, DXGI_PRESENT_ALLOW_TEARING",true,3,
nvrhi_d3d12_tex_mut_t01,rep1,nvrhi,d3d12,tex_mut,1,,0,ok,2403,50001,0x95bca375014e86d9,NVIDIA GeForce RTX 4050 Laptop GPU,5.9495,5.75631,7.78477,6.3399,6.056,8.34594,5.9593,5.76461,7.79216,5.801,5.64442,7.64299,0.1261,0.092406,0.257494,1.8113,1.7217,2.43597,0.0103,0.0073,0.030692,0.0075,0.0053,0.02748,0.349,0.271214,0.733522,8.2351,7.8403,10.4007,,,,0,,120,1,0,"DXGI flip-discard, sync interval 0, DXGI_PRESENT_ALLOW_TEARING",false,0,
nvrhi_d3d12_tex_mut_t01,rep10,nvrhi,d3d12,tex_mut,1,,0,ok,2394,50001,0x95bca375014e86d9,NVIDIA GeForce RTX 4050 Laptop GPU,6.018,5.73414,7.06431,6.4235,6.01988,7.52181,6.0257,5.73982,7.07391,5.875,5.62556,6.92735,0.1226,0.078986,0.251042,1.72965,1.67419,2.44242,0.0096,0.005993,0.023214,0.0068,0.0042,0.0175,0.34235,0.245381,0.668835,8.2973,7.73945,9.49506,,,,0,,120,1,0,"DXGI flip-discard, sync interval 0, DXGI_PRESENT_ALLOW_TEARING",false,0,
nvrhi_d3d12_tex_mut_t01,rep2,nvrhi,d3d12,tex_mut,1,,0,ok,2469,50001,0x95bca375014e86d9,NVIDIA GeForce RTX 4050 Laptop GPU,5.7977,5.57961,6.90136,6.2078,5.85787,7.28482,5.8061,5.58739,6.91196,5.6549,5.48155,6.73539,0.1244,0.076936,0.254364,1.7352,1.6585,2.33364,0.0108,0.0062,0.024932,0.0072,0.0045,0.021164,0.3581,0.246836,0.7311,8.0416,7.57148,9.22336,,,,0,,120,1,0,"DXGI flip-discard, sync interval 0, DXGI_PRESENT_ALLOW_TEARING",false,0,
nvrhi_d3d12_tex_mut_t01,rep3,nvrhi,d3d12,tex_mut,1,,0,ok,2327,50001,0x95bca375014e86d9,NVIDIA GeForce RTX 4050 Laptop GPU,6.2922,6.09548,7.36865,6.7051,6.38309,7.81143,6.301,6.10165,7.38108,6.1462,5.98158,7.17351,0.1273,0.084826,0.263366,1.7168,1.6544,2.2874,0.0104,0.0066,0.024974,0.0072,0.0047,0.018,0.3588,0.257352,0.68807,8.5302,8.09543,9.76981,,,,0,,120,1,0,"DXGI flip-discard, sync interval 0, DXGI_PRESENT_ALLOW_TEARING",false,0,
nvrhi_d3d12_tex_mut_t01,rep4,nvrhi,d3d12,tex_mut,1,,0,ok,2461,50001,0x95bca375014e86d9,NVIDIA GeForce RTX 4050 Laptop GPU,5.8255,5.6127,6.75588,6.2248,5.89812,7.15038,5.835,5.62038,6.76304,5.682,5.51008,6.58454,0.1264,0.07768,0.24822,1.7399,1.66336,2.3796,0.0111,0.0063,0.02404,0.0071,0.0044,0.01924,0.3533,0.2486,0.72952,8.0701,7.6138,9.18436,,,,0,,120,1,0,"DXGI flip-discard, sync interval 0, DXGI_PRESENT_ALLOW_TEARING",false,0,
nvrhi_d3d12_tex_mut_t01,rep5,nvrhi,d3d12,tex_mut,1,,0,ok,2454,50001,0x95bca375014e86d9,NVIDIA GeForce RTX 4050 Laptop GPU,5.8096,5.59841,6.73105,6.2262,5.87404,7.14854,5.8196,5.60597,6.73761,5.664,5.50185,6.61207,0.1285,0.076865,0.253382,1.76075,1.66545,2.42224,0.0115,0.0063,0.025147,0.0078,0.0046,0.021141,0.36645,0.248912,0.738503,8.1008,7.60639,9.22919,,,,0,,120,1,0,"DXGI flip-discard, sync interval 0, DXGI_PRESENT_ALLOW_TEARING",false,0,
nvrhi_d3d12_tex_mut_t01,rep6,nvrhi,d3d12,tex_mut,1,,0,ok,1543,50001,0x95bca375014e86d9,NVIDIA GeForce RTX 4050 Laptop GPU,10.6145,8.73266,13.3733,11.0243,9.06018,13.8886,10.6236,8.74128,13.3866,10.4701,8.61569,13.1574,0.1328,0.102842,0.288614,1.7087,1.65934,2.4201,0.0108,0.0074,0.02209,0.0073,0.005342,0.018174,0.3633,0.281414,0.733934,12.8917,10.8058,15.7614,,,,0,,120,1,0,"DXGI flip-discard, sync interval 0, DXGI_PRESENT_ALLOW_TEARING",true,1,
nvrhi_d3d12_tex_mut_t01,rep7,nvrhi,d3d12,tex_mut,1,,0,ok,2457,50001,0x95bca375014e86d9,NVIDIA GeForce RTX 4050 Laptop GPU,5.8148,5.61446,6.71503,6.2254,5.89129,7.16123,5.8233,5.62041,6.72536,5.6683,5.51217,6.54622,0.1252,0.076268,0.250296,1.7578,1.6756,2.34948,0.0106,0.006,0.023688,0.0072,0.004156,0.019244,0.3598,0.245568,0.716688,8.0886,7.61864,9.29667,,,,0,,120,1,0,"DXGI flip-discard, sync interval 0, DXGI_PRESENT_ALLOW_TEARING",false,0,
nvrhi_d3d12_tex_mut_t01,rep8,nvrhi,d3d12,tex_mut,1,,0,ok,2368,50001,0x95bca375014e86d9,NVIDIA GeForce RTX 4050 Laptop GPU,6.15865,5.90448,7.10167,6.5542,6.2118,7.57168,6.1671,5.91404,7.1085,6.00805,5.78494,6.91779,0.1255,0.082668,0.244526,1.7081,1.6607,2.30238,0.0103,0.0065,0.025733,0.0071,0.004667,0.019699,0.353,0.257169,0.703465,8.381,7.93611,9.53683,,,,0,,120,1,0,"DXGI flip-discard, sync interval 0, DXGI_PRESENT_ALLOW_TEARING",false,0,
nvrhi_d3d12_tex_mut_t01,rep9,nvrhi,d3d12,tex_mut,1,,0,ok,2438,50001,0x95bca375014e86d9,NVIDIA GeForce RTX 4050 Laptop GPU,5.83795,5.60176,6.89903,6.26215,5.87941,7.36071,5.84655,5.60818,6.91059,5.69345,5.49681,6.74432,0.12775,0.079474,0.249915,1.774,1.6801,2.41613,0.0109,0.0065,0.024963,0.0072,0.0044,0.021426,0.3617,0.248696,0.70265,8.1429,7.613,9.47712,,,,0,,120,1,0,"DXGI flip-discard, sync interval 0, DXGI_PRESENT_ALLOW_TEARING",false,0,
nvrhi_d3d12_tex_mut_t02,rep1,nvrhi,d3d12,tex_mut,2,,0,ok,4578,50001,0x95bca375014e86d9,NVIDIA GeForce RTX 4050 Laptop GPU,3.0343,2.90635,4.67558,3.3302,3.1381,5.06873,3.04075,2.91148,4.6827,2.9454,2.83568,4.5495,0.0891,0.0647,0.166684,0.86315,0.8365,1.13757,0.0082,0.0055,0.018146,0.0064,0.0042,0.013023,0.28755,0.2233,0.498236,4.2696,4.01943,6.12762,,,,0,,120,1,0,"DXGI flip-discard, sync interval 0, DXGI_PRESENT_ALLOW_TEARING",false,0,
nvrhi_d3d12_tex_mut_t02,rep2,nvrhi,d3d12,tex_mut,2,,0,ok,2921,50001,0x95bca375014e86d9,NVIDIA GeForce RTX 4050 Laptop GPU,5.3321,4.4407,6.76418,5.6956,4.70374,7.27562,5.3408,4.4511,6.77636,5.2167,4.3552,6.60686,0.1047,0.0709,0.23184,1.0358,0.8312,1.64596,0.0094,0.0058,0.02548,0.0073,0.0045,0.0198,0.3306,0.2377,0.68588,6.7975,5.62554,8.51444,,,,0,,120,1,0,"DXGI flip-discard, sync interval 0, DXGI_PRESENT_ALLOW_TEARING",true,1,
nvrhi_d3d12_tex_mut_t02,rep3,nvrhi,d3d12,tex_mut,2,,0,ok,4772,50001,0x95bca375014e86d9,NVIDIA GeForce RTX 4050 Laptop GPU,2.9381,2.86911,4.21862,3.2192,3.09507,4.62446,2.9444,2.87394,4.22637,2.8527,2.80454,4.06204,0.0843,0.0609,0.135829,0.8532,0.834,1.12022,0.0074,0.0049,0.014258,0.0059,0.0037,0.0114,0.276,0.217471,0.421487,4.1096,3.96577,5.55652,,,,0,,120,1,0,"DXGI flip-discard, sync interval 0, DXGI_PRESENT_ALLOW_TEARING",false,0,
nvrhi_d3d12_tex_mut_t04,rep1,nvrhi,d3d12,tex_mut,4,,0,ok,5948,50001,0x95bca375014e86d9,NVIDIA GeForce RTX 4050 Laptop GPU,2.49055,2.34265,3.45646,2.7655,2.56925,3.79249,2.4974,2.34809,3.46595,2.4057,2.2781,3.32041,0.0833,0.059,0.144524,0.52965,0.423047,0.647753,0.0081,0.0053,0.0151,0.0067,0.0043,0.013,0.2732,0.212647,0.412853,3.3128,3.05649,4.38796,,,,0,,120,1,0,"DXGI flip-discard, sync interval 0, DXGI_PRESENT_ALLOW_TEARING",true,1,
nvrhi_d3d12_tex_mut_t04,rep2,nvrhi,d3d12,tex_mut,4,,0,ok,5696,50001,0x95bca375014e86d9,NVIDIA GeForce RTX 4050 Laptop GPU,2.49565,2.3572,3.41153,2.763,2.58219,3.77731,2.5019,2.36339,3.42073,2.40985,2.2893,3.29673,0.0823,0.0618,0.144105,0.6771,0.555,0.768975,0.0073,0.0051,0.014905,0.0061,0.0041,0.012505,0.2662,0.21329,0.422605,3.46225,3.20639,4.51876,,,,0,,120,1,0,"DXGI flip-discard, sync interval 0, DXGI_PRESENT_ALLOW_TEARING",true,1,
nvrhi_d3d12_tex_mut_t04,rep3,nvrhi,d3d12,tex_mut,4,,0,ok,7963,50001,0x95bca375014e86d9,NVIDIA GeForce RTX 4050 Laptop GPU,1.695,1.5123,2.80669,1.9393,1.71752,3.13153,1.7011,1.5175,2.81467,1.6248,1.454,2.70938,0.0714,0.0544,0.1235,0.5176,0.419462,0.634376,0.0071,0.0048,0.0137,0.0058,0.0038,0.0112,0.2444,0.1984,0.381238,2.4739,2.17402,3.73553,,,,0,,120,1,0,"DXGI flip-discard, sync interval 0, DXGI_PRESENT_ALLOW_TEARING",false,0,
nvrhi_d3d12_tex_mut_t08,rep1,nvrhi,d3d12,tex_mut,8,,0,ok,7572,50001,0x95bca375014e86d9,NVIDIA GeForce RTX 4050 Laptop GPU,1.9178,1.7046,2.42382,2.21215,1.96064,2.82737,1.929,1.71501,2.44347,1.8247,1.62388,2.29324,0.0899,0.0651,0.167529,0.3697,0.315871,0.56109,0.0122,0.009,0.0256,0.0108,0.0079,0.022929,0.28835,0.22,0.488429,2.6152,2.32378,3.31263,,,,0,,120,1,0,"DXGI flip-discard, sync interval 0, DXGI_PRESENT_ALLOW_TEARING",true,2,
nvrhi_d3d12_tex_mut_t08,rep10,nvrhi,d3d12,tex_mut,8,,0,ok,8758,50001,0x95bca375014e86d9,NVIDIA GeForce RTX 4050 Laptop GPU,1.71415,1.3082,2.11639,1.948,1.53668,2.46826,1.7222,1.3163,2.12766,1.6414,1.23651,1.99378,0.0751,0.0579,0.1312,0.3234,0.269357,0.407643,0.0092,0.0062,0.0194,0.0081,0.0053,0.017443,0.2404,0.1969,0.380201,2.29725,1.8388,2.88446,,,,0,,120,1,0,"DXGI flip-discard, sync interval 0, DXGI_PRESENT_ALLOW_TEARING",true,2,
nvrhi_d3d12_tex_mut_t08,rep2,nvrhi,d3d12,tex_mut,8,,0,ok,9281,50001,0x95bca375014e86d9,NVIDIA GeForce RTX 4050 Laptop GPU,1.4838,1.31128,2.04652,1.7299,1.54448,2.39186,1.4925,1.31954,2.05912,1.4086,1.2363,1.93814,0.0744,0.05848,0.13326,0.3243,0.26908,0.41026,0.0093,0.0066,0.0194,0.0082,0.0056,0.0171,0.2369,0.1974,0.37752,2.0828,1.84344,2.81186,,,,0,,120,1,0,"DXGI flip-discard, sync interval 0, DXGI_PRESENT_ALLOW_TEARING",true,1,
nvrhi_d3d12_tex_mut_t08,rep3,nvrhi,d3d12,tex_mut,8,,0,ok,9689,50001,0x95bca375014e86d9,NVIDIA GeForce RTX 4050 Laptop GPU,1.4672,1.02798,1.74795,1.7031,1.24748,2.10805,1.4755,1.0369,1.76065,1.3914,0.970756,1.63112,0.075,0.0576,0.134536,0.3247,0.2697,0.407924,0.0092,0.0065,0.0193,0.008,0.0055,0.0171,0.2363,0.1911,0.400936,2.0548,1.56724,2.52413,,,,0,,120,1,0,"DXGI flip-discard, sync interval 0, DXGI_PRESENT_ALLOW_TEARING",false,0,
nvrhi_d3d12_tex_mut_t08,rep4,nvrhi,d3d12,tex_mut,8,,0,ok,8810,50001,0x95bca375014e86d9,NVIDIA GeForce RTX 4050 Laptop GPU,1.6803,1.40623,2.16027,1.9118,1.60611,2.50332,1.68795,1.41331,2.17374,1.60645,1.34301,2.02796,0.078,0.059209,0.140382,0.3282,0.3183,0.420482,0.0096,0.0069,0.019891,0.0085,0.006,0.0174,0.2423,0.1934,0.395311,2.27085,1.95011,2.92594,,,,0,,120,1,0,"DXGI flip-discard, sync interval 0, DXGI_PRESENT_ALLOW_TEARING",true,2,
nvrhi_d3d12_tex_mut_t08,rep5,nvrhi,d3d12,tex_mut,8,,0,ok,8866,50001,0x95bca375014e86d9,NVIDIA GeForce RTX 4050 Laptop GPU,1.6977,1.36613,2.09966,1.92645,1.58823,2.44798,1.7057,1.37518,2.11265,1.6276,1.30075,1.99247,0.0736,0.0575,0.133105,0.3234,0.269765,0.406335,0.0091,0.0066,0.018235,0.0081,0.0057,0.016135,0.2343,0.1937,0.36712,2.2718,1.89931,2.85138,,,,0,,120,1,0,"DXGI flip-discard, sync interval 0, DXGI_PRESENT_ALLOW_TEARING",true,3,
nvrhi_d3d12_tex_mut_t08,rep6,nvrhi,d3d12,tex_mut,8,,0,ok,9362,50001,0x95bca375014e86d9,NVIDIA GeForce RTX 4050 Laptop GPU,1.4765,1.29481,2.00754,1.724,1.5268,2.34952,1.4854,1.30232,2.01829,1.399,1.21832,1.89406,0.0749,0.0581,0.134517,0.3239,0.2704,0.4092,0.0093,0.0066,0.0189,0.0082,0.0057,0.0169,0.23715,0.1957,0.3807,2.07575,1.82944,2.76788,,,,0,,120,1,0,"DXGI flip-discard, sync interval 0, DXGI_PRESENT_ALLOW_TEARING",false,0,
nvrhi_d3d12_tex_mut_t08,rep7,nvrhi,d3d12,tex_mut,8,,0,ok,8747,50001,0x95bca375014e86d9,NVIDIA GeForce RTX 4050 Laptop GPU,1.71,1.30806,2.10262,1.9458,1.53613,2.49976,1.7186,1.316,2.11297,1.6357,1.22799,1.97159,0.0764,0.0583,0.1316,0.324,0.2701,0.411454,0.0093,0.0065,0.0194,0.0083,0.0056,0.0172,0.2424,0.1949,0.406616,2.2963,1.84475,2.91804,,,,0,,120,1,0,"DXGI flip-discard, sync interval 0, DXGI_PRESENT_ALLOW_TEARING",true,2,
nvrhi_d3d12_tex_mut_t08,rep8,nvrhi,d3d12,tex_mut,8,,0,ok,9604,50001,0x95bca375014e86d9,NVIDIA GeForce RTX 4050 Laptop GPU,1.4739,1.13303,1.79823,1.71445,1.42244,2.12889,1.482,1.13973,1.81075,1.3974,1.05919,1.69298,0.0746,0.0572,0.128197,0.326,0.271403,0.412297,0.0089,0.0064,0.018197,0.0079,0.0055,0.016397,0.23525,0.191603,0.386497,2.06735,1.7549,2.58304,,,,0,,120,1,0,"DXGI flip-discard, sync interval 0, DXGI_PRESENT_ALLOW_TEARING",false,0,
nvrhi_d3d12_tex_mut_t08,rep9,nvrhi,d3d12,tex_mut,8,,0,ok,8880,50001,0x95bca375014e86d9,NVIDIA GeForce RTX 4050 Laptop GPU,1.6941,1.27781,2.09781,1.9202,1.50828,2.43701,1.7025,1.28456,2.10969,1.6244,1.19625,1.98975,0.0742,0.0572,0.131021,0.3267,0.271979,0.4112,0.0094,0.0067,0.018642,0.0083,0.0058,0.016721,0.2376,0.194879,0.385121,2.2724,1.82028,2.85742,,,,0,,120,1,0,"DXGI flip-discard, sync interval 0, DXGI_PRESENT_ALLOW_TEARING",true,1,
nvrhi_d3d12_tex_mut_t15,rep1,nvrhi,d3d12,tex_mut,15,,0,ok,11211,50001,0x95bca375014e86d9,NVIDIA GeForce RTX 4050 Laptop GPU,1.1502,0.99101,1.74212,1.4917,1.2104,2.06972,1.1648,1.00431,1.7562,1.0616,0.9158,1.62632,0.0864,0.06991,0.17167,0.2543,0.1826,0.39246,0.0146,0.0107,0.034,0.0133,0.0096,0.03259,0.2843,0.20541,0.49358,1.7749,1.4336,2.45146,,,,0,,120,1,0,"DXGI flip-discard, sync interval 0, DXGI_PRESENT_ALLOW_TEARING",true,3,
nvrhi_d3d12_tex_mut_t15,rep2,nvrhi,d3d12,tex_mut,15,,0,ok,11493,50001,0x95bca375014e86d9,NVIDIA GeForce RTX 4050 Laptop GPU,1.1101,0.971592,1.6737,1.4289,1.17969,1.99404,1.1252,0.9828,1.69052,1.0188,0.8991,1.56231,0.0861,0.0656,0.1795,0.2421,0.1826,0.384224,0.0147,0.0095,0.0375,0.0136,0.0084,0.036008,0.2763,0.194492,0.518716,1.7171,1.39858,2.35188,,,,0,,120,1,0,"DXGI flip-discard, sync interval 0, DXGI_PRESENT_ALLOW_TEARING",true,2,
nvrhi_d3d12_tex_mut_t15,rep3,nvrhi,d3d12,tex_mut,15,,0,ok,11428,50001,0x95bca375014e86d9,NVIDIA GeForce RTX 4050 Laptop GPU,1.1204,0.984227,1.72013,1.4359,1.18953,2.052,1.1351,0.9952,1.73889,1.02905,0.910627,1.60291,0.0864,0.065727,0.171773,0.2543,0.1831,0.379246,0.0145,0.0096,0.035973,0.0133,0.008527,0.0346,0.2738,0.1913,0.508457,1.72485,1.40813,2.41869,,,,0,,120,1,0,"DXGI flip-discard, sync interval 0, DXGI_PRESENT_ALLOW_TEARING",true,2,
nvrhi_d3d12_tex_mut_pc_t01,rep1,nvrhi,d3d12,tex_mut_pc,1,,0,ok,1620,50001,0x95bca375014e86d9,NVIDIA GeForce RTX 4050 Laptop GPU,10.1963,8.74312,12.022,10.61,9.07682,12.5485,10.2047,8.74946,12.0273,10.0459,8.62018,11.8323,0.12935,0.0984,0.275534,1.67185,1.62954,2.2479,0.0092,0.006719,0.019872,0.0069,0.0051,0.015862,0.35925,0.280542,0.728763,12.3993,10.7605,14.2856,,,,0,,120,1,0,"DXGI flip-discard, sync interval 0, DXGI_PRESENT_ALLOW_TEARING",true,1,
nvrhi_d3d12_tex_mut_pc_t01,rep2,nvrhi,d3d12,tex_mut_pc,1,,0,ok,2440,50001,0x95bca375014e86d9,NVIDIA GeForce RTX 4050 Laptop GPU,5.88535,5.68762,6.97476,6.30085,5.96424,7.47652,5.8936,5.69409,6.98358,5.7379,5.58073,6.84169,0.1313,0.080978,0.249161,1.722,1.66634,2.36692,0.01,0.0062,0.021322,0.0071,0.0042,0.017222,0.367,0.252317,0.689752,8.1242,7.6852,9.44375,,,,0,,120,1,0,"DXGI flip-discard, sync interval 0, DXGI_PRESENT_ALLOW_TEARING",false,0,
nvrhi_d3d12_tex_mut_pc_t01,rep3,nvrhi,d3d12,tex_mut_pc,1,,0,ok,2495,50001,0x95bca375014e86d9,NVIDIA GeForce RTX 4050 Laptop GPU,5.754,5.58617,6.87607,6.1423,5.86608,7.23481,5.7623,5.59318,6.88311,5.6121,5.48379,6.73692,0.1226,0.0807,0.24172,1.7007,1.65859,2.27736,0.0097,0.0063,0.020506,0.0071,0.0045,0.0167,0.3446,0.247394,0.672902,7.9346,7.57448,9.11859,,,,0,,120,1,0,"DXGI flip-discard, sync interval 0, DXGI_PRESENT_ALLOW_TEARING",false,0,
nvrhi_d3d12_tex_mut_pc_t02,rep1,nvrhi,d3d12,tex_mut_pc,2,,0,ok,4760,50001,0x95bca375014e86d9,NVIDIA GeForce RTX 4050 Laptop GPU,2.94885,2.86786,4.25821,3.2231,3.09492,4.63091,2.95425,2.87206,4.26396,2.8671,2.8012,4.14379,0.0818,0.0624,0.135541,0.8549,0.8371,1.12896,0.0067,0.0045,0.0133,0.0052,0.0033,0.009841,0.2703,0.2202,0.404433,4.1117,3.96684,5.6884,,,,0,,120,1,0,"DXGI flip-discard, sync interval 0, DXGI_PRESENT_ALLOW_TEARING",false,0,
nvrhi_d3d12_tex_mut_pc_t02,rep2,nvrhi,d3d12,tex_mut_pc,2,,0,ok,3028,50001,0x95bca375014e86d9,NVIDIA GeForce RTX 4050 Laptop GPU,5.1362,4.4365,6.4313,5.4907,4.68855,6.89225,5.1434,4.4424,6.43835,5.02315,4.3524,6.28451,0.1023,0.07,0.215673,1.0357,0.835727,1.6511,0.0092,0.0057,0.024,0.0069,0.0041,0.0186,0.3218,0.233227,0.65162,6.5806,5.61599,8.0059,,,,0,,120,1,0,"DXGI flip-discard, sync interval 0, DXGI_PRESENT_ALLOW_TEARING",true,1,
nvrhi_d3d12_tex_mut_pc_t02,rep3,nvrhi,d3d12,tex_mut_pc,2,,0,ok,3026,50001,0x95bca375014e86d9,NVIDIA GeForce RTX 4050 Laptop GPU,5.1839,4.3969,6.46148,5.53695,4.6507,6.92195,5.1929,4.4048,6.4702,5.0707,4.31585,6.32317,0.10355,0.0695,0.21395,1.0334,0.8354,1.6259,0.009,0.0053,0.022675,0.0068,0.0038,0.01715,0.32555,0.232625,0.647425,6.6234,5.5624,8.05095,,,,0,,120,1,0,"DXGI flip-discard, sync interval 0, DXGI_PRESENT_ALLOW_TEARING",true,1,
nvrhi_d3d12_tex_mut_pc_t04,rep1,nvrhi,d3d12,tex_mut_pc,4,,0,ok,6240,50001,0x95bca375014e86d9,NVIDIA GeForce RTX 4050 Laptop GPU,2.3572,2.27124,3.2704,2.61765,2.4919,3.60913,2.3632,2.27566,3.27867,2.27985,2.20764,3.16363,0.0781,0.059539,0.1276,0.5295,0.418,0.634105,0.0073,0.0049,0.013861,0.006,0.0038,0.0116,0.2593,0.2132,0.381171,3.1579,2.96696,4.2232,,,,0,,120,1,0,"DXGI flip-discard, sync interval 0, DXGI_PRESENT_ALLOW_TEARING",true,1,
nvrhi_d3d12_tex_mut_pc_t04,rep2,nvrhi,d3d12,tex_mut_pc,4,,0,ok,7998,50001,0x95bca375014e86d9,NVIDIA GeForce RTX 4050 Laptop GPU,1.6652,1.51349,2.74763,1.91865,1.7229,3.04492,1.6712,1.5181,2.7536,1.5917,1.4521,2.65521,0.0721,0.0554,0.122218,0.49675,0.4195,0.637612,0.0068,0.0046,0.0134,0.0055,0.0035,0.0109,0.24465,0.200097,0.378403,2.4496,2.17939,3.66941,,,,0,,120,1,0,"DXGI flip-discard, sync interval 0, DXGI_PRESENT_ALLOW_TEARING",false,0,
nvrhi_d3d12_tex_mut_pc_t04,rep3,nvrhi,d3d12,tex_mut_pc,4,,0,ok,8014,50001,0x95bca375014e86d9,NVIDIA GeForce RTX 4050 Laptop GPU,1.6651,1.5067,2.78835,1.9119,1.71433,3.12997,1.671,1.5113,2.7963,1.5928,1.4462,2.68337,0.0739,0.055113,0.129574,0.50055,0.4194,0.641248,0.0071,0.0046,0.0147,0.0059,0.0037,0.0121,0.2493,0.2002,0.402287,2.44535,2.1687,3.76441,,,,0,,120,1,0,"DXGI flip-discard, sync interval 0, DXGI_PRESENT_ALLOW_TEARING",false,0,
nvrhi_d3d12_tex_mut_pc_t08,rep1,nvrhi,d3d12,tex_mut_pc,8,,0,ok,9588,50001,0x95bca375014e86d9,NVIDIA GeForce RTX 4050 Laptop GPU,1.4595,1.17051,1.73439,1.709,1.40024,2.11755,1.4689,1.17831,1.74641,1.3801,1.09244,1.62099,0.0776,0.058987,0.153013,0.3253,0.268074,0.433413,0.0101,0.007,0.022,0.009,0.0061,0.0199,0.2461,0.197487,0.42333,2.06645,1.71808,2.59369,,,,0,,120,1,0,"DXGI flip-discard, sync interval 0, DXGI_PRESENT_ALLOW_TEARING",false,0,
nvrhi_d3d12_tex_mut_pc_t08,rep2,nvrhi,d3d12,tex_mut_pc,8,,0,ok,9784,50001,0x95bca375014e86d9,NVIDIA GeForce RTX 4050 Laptop GPU,1.4341,1.17278,1.6755,1.6796,1.40257,2.02752,1.4427,1.17865,1.68623,1.358,1.1004,1.57972,0.075,0.0584,0.131717,0.3251,0.2687,0.415217,0.0095,0.0064,0.0194,0.0084,0.0055,0.0175,0.2431,0.199883,0.396985,2.0323,1.7311,2.49506,,,,0,,120,1,0,"DXGI flip-discard, sync interval 0, DXGI_PRESENT_ALLOW_TEARING",false,0,
nvrhi_d3d12_tex_mut_pc_t08,rep3,nvrhi,d3d12,tex_mut_pc,8,,0,ok,9828,50001,0x95bca375014e86d9,NVIDIA GeForce RTX 4050 Laptop GPU,1.433,1.08173,1.6862,1.6723,1.2853,2.02708,1.4418,1.09115,1.69795,1.3563,1.0161,1.58063,0.0753,0.0576,0.126473,0.3254,0.2644,0.4125,0.0097,0.006627,0.019273,0.0087,0.0058,0.0171,0.237,0.192,0.376265,2.0253,1.56426,2.45223,,,,0,,120,1,0,"DXGI flip-discard, sync interval 0, DXGI_PRESENT_ALLOW_TEARING",false,0,
nvrhi_d3d12_tex_mut_pc_t15,rep1,nvrhi,d3d12,tex_mut_pc,15,,0,ok,11902,50001,0x95bca375014e86d9,NVIDIA GeForce RTX 4050 Laptop GPU,1.1298,1.0051,1.68529,1.3786,1.2053,2.0264,1.14315,1.0153,1.70089,1.0448,0.935101,1.5644,0.0822,0.0645,0.1444,0.1981,0.1834,0.3597,0.0139,0.0091,0.027399,0.0127,0.0081,0.025299,0.2395,0.190901,0.383388,1.62505,1.4169,2.4027,,,,0,,120,1,0,"DXGI flip-discard, sync interval 0, DXGI_PRESENT_ALLOW_TEARING",true,2,
nvrhi_d3d12_tex_mut_pc_t15,rep2,nvrhi,d3d12,tex_mut_pc,15,,0,ok,11926,50001,0x95bca375014e86d9,NVIDIA GeForce RTX 4050 Laptop GPU,1.1431,1.0028,1.67173,1.38685,1.19732,1.99958,1.155,1.0124,1.69037,1.0605,0.935875,1.56652,0.0803,0.0628,0.140825,0.1956,0.1811,0.355075,0.0131,0.0085,0.0264,0.012,0.0075,0.0246,0.2378,0.188725,0.3765,1.62915,1.40688,2.35652,,,,0,,120,1,0,"DXGI flip-discard, sync interval 0, DXGI_PRESENT_ALLOW_TEARING",true,4,
nvrhi_d3d12_tex_mut_pc_t15,rep3,nvrhi,d3d12,tex_mut_pc,15,,0,ok,11775,50001,0x95bca375014e86d9,NVIDIA GeForce RTX 4050 Laptop GPU,1.1645,1.003,1.71386,1.4056,1.20064,2.04738,1.177,1.01287,1.72944,1.0823,0.936274,1.59599,0.0817,0.0623,0.147604,0.1948,0.1808,0.3571,0.0136,0.0088,0.027426,0.0124,0.0079,0.0253,0.2407,0.189248,0.38556,1.6493,1.40914,2.41081,,,,0,,120,1,0,"DXGI flip-discard, sync interval 0, DXGI_PRESENT_ALLOW_TEARING",true,5,
nvrhi_d3d12_bindless_t01,rep1,nvrhi,d3d12,bindless,1,,0,ok,6338,50001,0x95bca375014e86d9,NVIDIA GeForce RTX 4050 Laptop GPU,1.1248,0.987311,1.44927,1.43215,1.25685,1.87808,1.13005,0.991985,1.45498,1.0254,0.905374,1.31643,0.0982,0.069537,0.147504,1.6608,1.6363,2.00556,0.0067,0.0049,0.0117,0.005,0.0035,0.008863,0.306,0.240837,0.435378,3.1266,2.93186,3.77836,,,,0,,120,1,0,"DXGI flip-discard, sync interval 0, DXGI_PRESENT_ALLOW_TEARING",false,0,
nvrhi_d3d12_bindless_t01,rep2,nvrhi,d3d12,bindless,1,,0,ok,6326,50001,0x95bca375014e86d9,NVIDIA GeForce RTX 4050 Laptop GPU,1.13835,1.00155,1.5139,1.44165,1.26985,1.90877,1.1434,1.00632,1.51987,1.03995,0.91935,1.3807,0.0983,0.068925,0.1481,1.6616,1.6375,1.9826,0.0066,0.0047,0.0116,0.0049,0.0034,0.0086,0.3025,0.236325,0.427175,3.136,2.94603,3.73827,,,,0,,120,1,0,"DXGI flip-discard, sync interval 0, DXGI_PRESENT_ALLOW_TEARING",true,1,
nvrhi_d3d12_bindless_t01,rep3,nvrhi,d3d12,bindless,1,,0,ok,6321,50001,0x95bca375014e86d9,NVIDIA GeForce RTX 4050 Laptop GPU,1.1368,0.99876,1.51098,1.4438,1.2685,1.91284,1.1418,1.00322,1.51978,1.037,0.91552,1.37404,0.0985,0.0698,0.14582,1.662,1.6378,1.98892,0.0068,0.0051,0.0115,0.0049,0.0035,0.0082,0.3058,0.23958,0.42622,3.138,2.94474,3.8097,,,,0,,120,1,0,"DXGI flip-discard, sync interval 0, DXGI_PRESENT_ALLOW_TEARING",false,0,
nvrhi_d3d12_bindless_t01,rep4,nvrhi,d3d12,bindless,1,,0,ok,6256,50001,0x95bca375014e86d9,NVIDIA GeForce RTX 4050 Laptop GPU,1.1709,1.06015,1.72395,1.45745,1.3125,2.12499,1.17605,1.06465,1.7309,1.0796,0.9744,1.58813,0.0911,0.0686,0.153135,1.66365,1.6396,1.9996,0.0069,0.005,0.012345,0.005,0.0034,0.009,0.2856,0.23561,0.436475,3.15325,2.98781,4.04929,,,,0,,120,1,0,"DXGI flip-discard, sync interval 0, DXGI_PRESENT_ALLOW_TEARING",false,0,
nvrhi_d3d12_bindless_t01,rep5,nvrhi,d3d12,bindless,1,,0,ok,6341,50001,0x95bca375014e86d9,NVIDIA GeForce RTX 4050 Laptop GPU,1.1353,1.00258,1.45436,1.4366,1.27654,1.88368,1.1403,1.0069,1.461,1.0403,0.9208,1.32906,0.0952,0.0663,0.14806,1.6552,1.6307,2.00486,0.0067,0.0048,0.0123,0.0049,0.0033,0.0088,0.3013,0.2326,0.43594,3.1249,2.94466,3.70766,,,,0,,120,1,0,"DXGI flip-discard, sync interval 0, DXGI_PRESENT_ALLOW_TEARING",true,1,
nvrhi_d3d12_bindless_t02,rep1,nvrhi,d3d12,bindless,2,,0,ok,10148,50001,0x95bca375014e86d9,NVIDIA GeForce RTX 4050 Laptop GPU,0.7913,0.696747,1.14495,1.0444,0.924447,1.50945,0.7962,0.701247,1.15327,0.7182,0.631994,1.03689,0.072,0.0581,0.122253,0.842,0.8212,1.11311,0.0063,0.0047,0.012853,0.0048,0.0035,0.009253,0.2508,0.214,0.390659,1.93825,1.79195,2.54533,,,,0,,120,1,0,"DXGI flip-discard, sync interval 0, DXGI_PRESENT_ALLOW_TEARING",true,1,
nvrhi_d3d12_bindless_t02,rep2,nvrhi,d3d12,bindless,2,,0,ok,10119,50001,0x95bca375014e86d9,NVIDIA GeForce RTX 4050 Laptop GPU,0.7807,0.675018,1.14669,1.0591,0.918836,1.50874,0.7866,0.680118,1.15472,0.6993,0.6022,1.03164,0.0804,0.0628,0.132782,0.8305,0.812418,1.10095,0.0072,0.0052,0.014082,0.0057,0.0039,0.0105,0.2751,0.225,0.416,1.9424,1.78542,2.52486,,,,0,,120,1,0,"DXGI flip-discard, sync interval 0, DXGI_PRESENT_ALLOW_TEARING",false,0,
nvrhi_d3d12_bindless_t02,rep3,nvrhi,d3d12,bindless,2,,0,ok,10099,50001,0x95bca375014e86d9,NVIDIA GeForce RTX 4050 Laptop GPU,0.7794,0.672098,1.11121,1.0582,0.920184,1.47432,0.7854,0.677496,1.1189,0.6979,0.601798,1.00132,0.0805,0.0633,0.130304,0.836,0.815598,1.1115,0.0073,0.0054,0.0139,0.0058,0.0042,0.0107,0.2764,0.227196,0.412206,1.9483,1.79209,2.5305,,,,0,,120,1,0,"DXGI flip-discard, sync interval 0, DXGI_PRESENT_ALLOW_TEARING",false,0,
nvrhi_d3d12_bindless_t04,rep1,nvrhi,d3d12,bindless,4,,0,ok,13515,50001,0x95bca375014e86d9,NVIDIA GeForce RTX 4050 Laptop GPU,0.5746,0.442514,0.883076,0.8983,0.7181,1.26298,0.5814,0.4477,0.89293,0.4586,0.374528,0.765274,0.1109,0.0618,0.167086,0.53,0.5081,0.702958,0.0079,0.0057,0.0154,0.0065,0.0047,0.013286,0.3173,0.229,0.486386,1.4613,1.26543,1.94629,,,,0,,120,1,0,"DXGI flip-discard, sync interval 0, DXGI_PRESENT_ALLOW_TEARING",false,0,
nvrhi_d3d12_bindless_t04,rep2,nvrhi,d3d12,bindless,4,,0,ok,13849,50001,0x95bca375014e86d9,NVIDIA GeForce RTX 4050 Laptop GPU,0.5737,0.4409,0.924904,0.9104,0.685148,1.31573,0.5808,0.447648,0.935156,0.4657,0.3659,0.811252,0.1019,0.0657,0.164852,0.5057,0.4131,0.634152,0.0084,0.0065,0.017652,0.007,0.0054,0.0157,0.3178,0.2295,0.519056,1.4374,1.1421,1.95276,,,,0,,120,1,0,"DXGI flip-discard, sync interval 0, DXGI_PRESENT_ALLOW_TEARING",false,0,
nvrhi_d3d12_bindless_t04,rep3,nvrhi,d3d12,bindless,4,,0,ok,13936,50001,0x95bca375014e86d9,NVIDIA GeForce RTX 4050 Laptop GPU,0.56725,0.4336,0.907525,0.9019,0.672335,1.28032,0.5745,0.441135,0.91845,0.461,0.359835,0.790495,0.1005,0.0649,0.162495,0.5094,0.4149,0.6324,0.0083,0.0063,0.0172,0.007,0.0053,0.0156,0.314,0.2256,0.5182,1.4306,1.13154,1.88494,,,,0,,120,1,0,"DXGI flip-discard, sync interval 0, DXGI_PRESENT_ALLOW_TEARING",true,2,
nvrhi_d3d12_bindless_t08,rep1,nvrhi,d3d12,bindless,8,,0,ok,17686,50001,0x95bca375014e86d9,NVIDIA GeForce RTX 4050 Laptop GPU,0.5057,0.413085,0.75813,0.7507,0.6446,1.21357,0.5157,0.4225,0.77232,0.4256,0.338985,0.636495,0.0798,0.0627,0.142115,0.3186,0.2645,0.438115,0.011,0.0084,0.0305,0.0097,0.0074,0.0288,0.2463,0.2089,0.47793,1.10215,0.97,1.6397,,,,0,,120,1,0,"DXGI flip-discard, sync interval 0, DXGI_PRESENT_ALLOW_TEARING",true,1,
nvrhi_d3d12_bindless_t08,rep2,nvrhi,d3d12,bindless,8,,0,ok,17606,50001,0x95bca375014e86d9,NVIDIA GeForce RTX 4050 Laptop GPU,0.4894,0.391,0.781595,0.7435,0.627,1.26647,0.499,0.399405,0.799455,0.408,0.316715,0.64571,0.0841,0.0666,0.159785,0.32,0.2558,0.45119,0.0109,0.0078,0.031095,0.0096,0.0068,0.029495,0.2573,0.218905,0.531785,1.0982,0.947305,1.6932,,,,0,,120,1,0,"DXGI flip-discard, sync interval 0, DXGI_PRESENT_ALLOW_TEARING",true,2,
nvrhi_d3d12_bindless_t08,rep3,nvrhi,d3d12,bindless,8,,0,ok,17579,50001,0x95bca375014e86d9,NVIDIA GeForce RTX 4050 Laptop GPU,0.4912,0.397578,0.753554,0.7466,0.6323,1.23297,0.5015,0.4061,0.769676,0.4078,0.323,0.620122,0.0843,0.0663,0.1535,0.3202,0.2613,0.456098,0.0109,0.008,0.0315,0.0097,0.007,0.030022,0.2563,0.2158,0.52,1.1027,0.962078,1.67232,,,,0,,120,1,0,"DXGI flip-discard, sync interval 0, DXGI_PRESENT_ALLOW_TEARING",false,0,
nvrhi_d3d12_bindless_t08,rep4,nvrhi,d3d12,bindless,8,,0,ok,17597,50001,0x95bca375014e86d9,NVIDIA GeForce RTX 4050 Laptop GPU,0.4845,0.3897,0.760912,0.7408,0.625896,1.24163,0.4946,0.398392,0.778724,0.4021,0.3157,0.630264,0.0846,0.067,0.155104,0.3216,0.260596,0.453412,0.0113,0.0081,0.031604,0.0099,0.007,0.030204,0.26,0.2213,0.527604,1.0985,0.94518,1.67284,,,,0,,120,1,0,"DXGI flip-discard, sync interval 0, DXGI_PRESENT_ALLOW_TEARING",false,0,
nvrhi_d3d12_bindless_t08,rep5,nvrhi,d3d12,bindless,8,,0,ok,17552,50001,0x95bca375014e86d9,NVIDIA GeForce RTX 4050 Laptop GPU,0.4864,0.3948,0.77,0.7456,0.6332,1.24424,0.4961,0.404151,0.784543,0.4022,0.3198,0.625094,0.0853,0.0682,0.160896,0.3201,0.2664,0.4599,0.0109,0.008,0.0317,0.0096,0.007,0.0301,0.2625,0.2248,0.534798,1.101,0.964253,1.68609,,,,0,,120,1,0,"DXGI flip-discard, sync interval 0, DXGI_PRESENT_ALLOW_TEARING",false,0,
nvrhi_d3d12_bindless_t15,rep1,nvrhi,d3d12,bindless,15,,0,ok,16915,50001,0x95bca375014e86d9,NVIDIA GeForce RTX 4050 Laptop GPU,0.5699,0.4121,0.84173,0.8481,0.672128,1.3053,0.5879,0.424,0.866,0.4659,0.3198,0.701544,0.1005,0.079714,0.1788,0.2542,0.1977,0.4545,0.0161,0.003,0.0494,0.0148,0.001714,0.0477,0.2716,0.2292,0.529916,1.1532,0.936,1.73812,,,,0,,120,1,0,"DXGI flip-discard, sync interval 0, DXGI_PRESENT_ALLOW_TEARING",true,2,
nvrhi_d3d12_bindless_t15,rep2,nvrhi,d3d12,bindless,15,,0,ok,17701,50001,0x95bca375014e86d9,NVIDIA GeForce RTX 4050 Laptop GPU,0.542,0.3684,0.869,0.833,0.615,1.34,0.5613,0.3791,0.8934,0.4332,0.2878,0.7106,0.0993,0.0763,0.1878,0.2176,0.1743,0.3994,0.0168,0.0021,0.051,0.0156,0.0012,0.0494,0.2848,0.2244,0.546,1.0995,0.8484,1.7298,,,,0,,120,1,0,"DXGI flip-discard, sync interval 0, DXGI_PRESENT_ALLOW_TEARING",true,3,
nvrhi_d3d12_bindless_t15,rep3,nvrhi,d3d12,bindless,15,,0,ok,17667,50001,0x95bca375014e86d9,NVIDIA GeForce RTX 4050 Laptop GPU,0.5403,0.371466,0.849372,0.8363,0.620566,1.3452,0.5584,0.381866,0.875234,0.4287,0.2876,0.692202,0.1014,0.0779,0.1948,0.2182,0.1751,0.386734,0.0166,0.0023,0.0491,0.0153,0.0013,0.047234,0.2892,0.2267,0.573202,1.1024,0.856432,1.73077,,,,0,,120,1,0,"DXGI flip-discard, sync interval 0, DXGI_PRESENT_ALLOW_TEARING",true,2,
nvrhi_d3d12_bindless_t15,rep4,nvrhi,d3d12,bindless,15,,0,ok,17545,50001,0x95bca375014e86d9,NVIDIA GeForce RTX 4050 Laptop GPU,0.5315,0.3667,0.840452,0.8397,0.625644,1.33066,0.5512,0.3786,0.864368,0.4164,0.2833,0.691556,0.1042,0.0782,0.188956,0.2183,0.1748,0.395268,0.0172,0.0024,0.0527,0.0159,0.0014,0.0509,0.3025,0.2324,0.55788,1.1093,0.85982,1.72329,,,,0,,120,1,0,"DXGI flip-discard, sync interval 0, DXGI_PRESENT_ALLOW_TEARING",true,2,
nvrhi_d3d12_bindless_t15,rep5,nvrhi,d3d12,bindless,15,,0,ok,17749,50001,0x95bca375014e86d9,NVIDIA GeForce RTX 4050 Laptop GPU,0.5415,0.3706,0.852208,0.8357,0.620596,1.30503,0.5595,0.381,0.874012,0.4312,0.288248,0.702312,0.1006,0.0778,0.187156,0.2177,0.1757,0.387156,0.0169,0.0023,0.0482,0.0156,0.0013,0.0468,0.2865,0.227148,0.51516,1.1024,0.852996,1.68632,,,,0,,120,1,0,"DXGI flip-discard, sync interval 0, DXGI_PRESENT_ALLOW_TEARING",true,4,
nvrhi_d3d12_bindless_t15,rep6,nvrhi,d3d12,bindless,15,,0,ok,17858,50001,0x95bca375014e86d9,NVIDIA GeForce RTX 4050 Laptop GPU,0.5352,0.3677,0.833886,0.82735,0.606757,1.26427,0.55395,0.3779,0.859186,0.426,0.285,0.690486,0.0999,0.0769,0.1873,0.2199,0.1772,0.396929,0.0169,0.0024,0.0485,0.0156,0.0013,0.047,0.2817,0.2224,0.518743,1.0944,0.844257,1.6727,,,,0,,120,1,0,"DXGI flip-discard, sync interval 0, DXGI_PRESENT_ALLOW_TEARING",true,1,
diligent_vk_dyn_t01,rep1,diligent,vk,dyn,1,,0,ok,453,50001,0x95bca375014e86d9,NVIDIA GeForce RTX 4050 Laptop GPU,42.1635,35.5808,48.9796,42.2856,35.7099,49.1474,42.1635,35.5808,48.9796,42.0244,35.4426,48.8406,0.1099,0.089456,0.235452,1.6757,1.63735,2.20044,0,0,0,0,0,0,0.1007,0.0882,0.216892,44.0899,37.3815,51.1445,,,,0,,120,1,0,VK_PRESENT_MODE_MAILBOX_KHR,,,
diligent_vk_dyn_t01,rep2,diligent,vk,dyn,1,,0,ok,441,50001,0x95bca375014e86d9,NVIDIA GeForce RTX 4050 Laptop GPU,43.4687,36.7169,50.2549,43.5802,36.8341,50.4325,43.4687,36.7169,50.2549,43.2906,36.6096,50.0563,0.1126,0.08998,0.23962,1.6737,1.63638,2.22926,0,0,0,0,0,0,0.1057,0.0905,0.21548,45.359,38.508,52.1073,,,,0,,120,1,0,VK_PRESENT_MODE_MAILBOX_KHR,,,
diligent_vk_dyn_t01,rep3,diligent,vk,dyn,1,,0,ok,462,50001,0x95bca375014e86d9,NVIDIA GeForce RTX 4050 Laptop GPU,41.3441,35.6657,47.3294,41.4391,35.7564,47.4233,41.3441,35.6657,47.3294,41.2358,35.5751,47.2187,0.10645,0.087705,0.225814,1.6786,1.64412,2.21559,0,0,0,0,0,0,0.0991,0.088061,0.273249,43.2622,37.4632,49.2018,,,,0,,120,1,0,VK_PRESENT_MODE_MAILBOX_KHR,,,
diligent_vk_dyn_t01,rep4,diligent,vk,dyn,1,,0,ok,442,50001,0x95bca375014e86d9,NVIDIA GeForce RTX 4050 Laptop GPU,43.3172,36.6369,50.755,43.4553,36.7293,50.8865,43.3172,36.6369,50.755,43.1671,36.532,50.6517,0.1083,0.087982,0.230519,1.66835,1.6281,2.2488,0,0,0,0,0,0,0.1022,0.091164,0.211706,45.196,38.4062,52.6621,,,,0,,120,1,0,VK_PRESENT_MODE_MAILBOX_KHR,,,
diligent_vk_dyn_t01,rep5,diligent,vk,dyn,1,,0,ok,451,50001,0x95bca375014e86d9,NVIDIA GeForce RTX 4050 Laptop GPU,42.4497,35.6462,49.1419,42.5976,35.7424,49.3076,42.4497,35.6462,49.1419,42.2973,35.5475,48.9659,0.1079,0.08805,0.2198,1.6784,1.6454,2.2404,0,0,0,0,0,0,0.1017,0.0898,0.2082,44.3291,37.4715,51.264,,,,0,,120,1,0,VK_PRESENT_MODE_MAILBOX_KHR,,,
diligent_vk_dyn_t01,rep6,diligent,vk,dyn,1,,0,ok,447,50001,0x95bca375014e86d9,NVIDIA GeForce RTX 4050 Laptop GPU,42.9324,35.438,50.2488,43.0881,35.5348,50.3745,42.9324,35.438,50.2488,42.8201,35.3347,50.1477,0.1095,0.0894,0.234472,1.6694,1.63026,2.18075,0,0,0,0,0,0,0.1032,0.0908,0.215476,44.8298,37.3138,52.2511,,,,0,,120,1,0,VK_PRESENT_MODE_MAILBOX_KHR,,,
diligent_vk_dyn_t02,rep1,diligent,vk,dyn,2,,0,ok,1034,50001,0x95bca375014e86d9,NVIDIA GeForce RTX 4050 Laptop GPU,18.0577,16.1574,21.521,18.145,16.2268,21.5975,18.0577,16.1574,21.521,17.9057,16.033,21.3891,0.1306,0.108766,0.265603,1.05265,0.842766,1.68888,0,0,0,0,0,0,0.0751,0.067933,0.155974,19.2597,17.2217,22.7603,,,,0,,120,1,0,VK_PRESENT_MODE_MAILBOX_KHR,,,
diligent_vk_dyn_t02,rep2,diligent,vk,dyn,2,,0,ok,1034,50001,0x95bca375014e86d9,NVIDIA GeForce RTX 4050 Laptop GPU,18.0136,15.9915,21.6313,18.1033,16.0619,21.7241,18.0136,15.9915,21.6313,17.8654,15.8704,21.4004,0.13505,0.112199,0.294701,1.0438,0.836632,1.7945,0,0,0,0,0,0,0.0754,0.068033,0.169568,19.2322,16.9387,22.8891,,,,0,,120,1,0,VK_PRESENT_MODE_MAILBOX_KHR,,,
diligent_vk_dyn_t02,rep3,diligent,vk,dyn,2,,0,ok,1034,50001,0x95bca375014e86d9,NVIDIA GeForce RTX 4050 Laptop GPU,17.9982,16.0487,21.929,18.0823,16.1245,22.0155,17.9982,16.0487,21.929,17.8644,15.9127,21.7994,0.1315,0.107132,0.268839,1.04505,0.837166,1.6949,0,0,0,0,0,0,0.07585,0.067933,0.165575,19.1606,17.1263,23.0861,,,,0,,120,1,0,VK_PRESENT_MODE_MAILBOX_KHR,,,
diligent_vk_dyn_t04,rep1,diligent,vk,dyn,4,,0,ok,2230,50001,0x95bca375014e86d9,NVIDIA GeForce RTX 4050 Laptop GPU,8.25535,7.66379,9.84808,8.33,7.73282,9.92909,8.25535,7.66379,9.84808,8.11845,7.53788,9.70222,0.1364,0.110229,0.210626,0.53755,0.431,0.678478,0,0,0,0,0,0,0.0724,0.0638,0.107742,8.8557,8.23031,10.5506,,,,0,,120,1,0,VK_PRESENT_MODE_MAILBOX_KHR,,,
diligent_vk_dyn_t04,rep2,diligent,vk,dyn,4,,0,ok,2179,50001,0x95bca375014e86d9,NVIDIA GeForce RTX 4050 Laptop GPU,8.2984,7.70088,9.74411,8.3708,7.77078,9.825,8.2984,7.70088,9.74411,8.1651,7.57205,9.58746,0.1352,0.108378,0.207766,0.7151,0.594856,0.837772,0,0,0,0,0,0,0.0715,0.0632,0.108808,9.0804,8.46386,10.5708,,,,0,,120,1,0,VK_PRESENT_MODE_MAILBOX_KHR,,,
diligent_vk_dyn_t04,rep3,diligent,vk,dyn,4,,0,ok,2223,50001,0x95bca375014e86d9,NVIDIA GeForce RTX 4050 Laptop GPU,8.2675,7.63206,9.80941,8.3398,7.70344,9.88518,8.2675,7.63206,9.80941,8.1326,7.50127,9.65336,0.1373,0.113322,0.197094,0.5387,0.431444,0.687724,0,0,0,0,0,0,0.0723,0.065,0.105012,8.8729,8.22709,10.5273,,,,0,,120,1,0,VK_PRESENT_MODE_MAILBOX_KHR,,,
diligent_vk_dyn_t08,rep1,diligent,vk,dyn,8,,0,ok,2399,50001,0x95bca375014e86d9,NVIDIA GeForce RTX 4050 Laptop GPU,4.7136,4.41579,7.90386,7.9397,7.40987,8.32774,4.7136,4.41579,7.90386,4.561,4.26089,7.7552,0.1518,0.1336,0.22035,0.3984,0.3144,0.59073,0,0,0,0,0,0,3.2216,0.068396,3.61861,8.338,7.96999,8.71302,,,,1,1,120,1,1,VK_PRESENT_MODE_MAILBOX_KHR,,,
diligent_vk_dyn_t08,rep2,diligent,vk,dyn,8,,0,ok,2399,50001,0x95bca375014e86d9,NVIDIA GeForce RTX 4050 Laptop GPU,4.756,4.43059,7.88327,7.9387,7.12188,8.34578,4.756,4.43059,7.88327,4.6003,4.28572,7.72098,0.1532,0.132198,0.229306,0.3999,0.316398,0.816308,0,0,0,0,0,0,3.1751,0.068486,3.61517,8.3384,7.95294,8.76273,,,,1,1,120,1,1,VK_PRESENT_MODE_MAILBOX_KHR,,,
diligent_vk_dyn_t08,rep3,diligent,vk,dyn,8,,0,ok,2399,50001,0x95bca375014e86d9,NVIDIA GeForce RTX 4050 Laptop GPU,4.8351,4.53497,7.87782,7.9403,7.51949,8.26406,4.8351,4.53497,7.87782,4.6819,4.38785,7.72785,0.1493,0.129398,0.216418,0.3977,0.315098,0.566622,0,0,0,0,0,0,3.1068,0.067198,3.47887,8.3365,8.06594,8.63097,,,,1,1,120,1,1,VK_PRESENT_MODE_MAILBOX_KHR,,,
diligent_vk_dyn_t15,rep1,diligent,vk,dyn,15,,0,ok,2399,50001,0x95bca375014e86d9,NVIDIA GeForce RTX 4050 Laptop GPU,2.885,2.67144,8.01746,7.9869,6.99871,8.52465,2.885,2.67144,8.01746,2.7023,2.50166,7.79786,0.1743,0.151196,0.276828,0.3488,0.236874,1.04897,0,0,0,0,0,0,5.0763,0.069894,5.49787,8.3413,7.79018,8.82381,,,,1,1,120,1,1,VK_PRESENT_MODE_MAILBOX_KHR,,,
diligent_vk_dyn_t15,rep2,diligent,vk,dyn,15,,0,ok,2399,50001,0x95bca375014e86d9,NVIDIA GeForce RTX 4050 Laptop GPU,2.9276,2.72236,8.15558,7.9897,7.05834,8.59279,2.9276,2.72236,8.15558,2.7449,2.54988,7.9759,0.1721,0.149094,0.272312,0.3475,0.23852,0.9131,0,0,0,0,0,0,5.0407,0.071096,5.37891,8.3415,7.79613,8.9243,,,,1,1,120,1,1,VK_PRESENT_MODE_MAILBOX_KHR,,,
diligent_vk_dyn_t15,rep3,diligent,vk,dyn,15,,0,ok,2399,50001,0x95bca375014e86d9,NVIDIA GeForce RTX 4050 Laptop GPU,2.9195,2.71267,8.05813,7.9906,7.1485,8.57894,2.9195,2.71267,8.05813,2.7394,2.54898,7.83835,0.1704,0.148598,0.266808,0.3468,0.22779,0.886994,0,0,0,0,0,0,5.0499,0.0684,5.4555,8.3422,7.92688,8.89774,,,,1,1,120,1,1,VK_PRESENT_MODE_MAILBOX_KHR,,,
diligent_vk_mut_t01,rep1,diligent,vk,mut,1,,0,ok,2038,50001,0x95bca375014e86d9,NVIDIA GeForce RTX 4050 Laptop GPU,7.75955,7.44224,10.7238,7.84555,7.51651,10.8254,7.75955,7.44224,10.7238,7.6812,7.37697,10.6176,0.0735,0.058537,0.124708,1.6611,1.63904,1.84619,0,0,0,0,0,0,0.0789,0.0684,0.1273,9.51255,9.18211,12.4879,,,,0,,120,1,0,VK_PRESENT_MODE_MAILBOX_KHR,,,
diligent_vk_mut_t01,rep2,diligent,vk,mut,1,,0,ok,1958,50001,0x95bca375014e86d9,NVIDIA GeForce RTX 4050 Laptop GPU,8.26705,7.06948,11.8058,8.3586,7.14507,11.8784,8.26705,7.06948,11.8058,8.17675,6.99867,11.74,0.0774,0.060257,0.137986,1.6683,1.64001,1.90127,0,0,0,0,0,0,0.0811,0.0688,0.1437,10.0493,8.82048,13.5479,,,,0,,120,1,0,VK_PRESENT_MODE_MAILBOX_KHR,,,
diligent_vk_mut_t01,rep3,diligent,vk,mut,1,,0,ok,2062,50001,0x95bca375014e86d9,NVIDIA GeForce RTX 4050 Laptop GPU,7.59385,7.16004,10.3623,7.67955,7.23444,10.4581,7.59385,7.16004,10.3623,7.5099,7.08978,10.2561,0.0775,0.0601,0.138897,1.6905,1.6543,1.98587,0,0,0,0,0,0,0.0817,0.0693,0.158317,9.38885,8.91879,12.1657,,,,0,,120,1,0,VK_PRESENT_MODE_MAILBOX_KHR,,,
diligent_vk_mut_t01,rep4,diligent,vk,mut,1,,0,ok,2060,50001,0x95bca375014e86d9,NVIDIA GeForce RTX 4050 Laptop GPU,7.54055,7.07442,10.9803,7.62675,7.15238,11.0684,7.54055,7.07442,10.9803,7.45385,7.00813,10.9047,0.0765,0.059777,0.134492,1.6706,1.63878,1.96675,0,0,0,0,0,0,0.0806,0.0686,0.146841,9.3155,8.82191,12.8106,,,,0,,120,1,0,VK_PRESENT_MODE_MAILBOX_KHR,,,
diligent_vk_mut_t01,rep5,diligent,vk,mut,1,,0,ok,2083,50001,0x95bca375014e86d9,NVIDIA GeForce RTX 4050 Laptop GPU,7.5151,7.11812,10.7459,7.6056,7.19485,10.8605,7.5151,7.11812,10.7459,7.4311,7.051,10.6659,0.0771,0.058328,0.137836,1.6673,1.64713,1.94579,0,0,0,0,0,0,0.0817,0.069082,0.14259,9.295,8.86457,12.5373,,,,0,,120,1,0,VK_PRESENT_MODE_MAILBOX_KHR,,,
diligent_vk_mut_t01,rep6,diligent,vk,mut,1,,0,ok,2014,50001,0x95bca375014e86d9,NVIDIA GeForce RTX 4050 Laptop GPU,8.04815,7.21456,10.8156,8.13385,7.28752,10.9045,8.04815,7.21456,10.8156,7.9724,7.15047,10.7364,0.0756,0.058313,0.132674,1.6635,1.6423,1.95891,0,0,0,0,0,0,0.0811,0.0701,0.138918,9.81145,8.96411,12.577,,,,0,,120,1,0,VK_PRESENT_MODE_MAILBOX_KHR,,,
diligent_vk_mut_t02,rep1,diligent,vk,mut,2,,0,ok,2399,50001,0x95bca375014e86d9,NVIDIA GeForce RTX 4050 Laptop GPU,3.9787,3.75049,6.32491,7.3355,4.34017,9.03224,3.9787,3.75049,6.32491,3.8746,3.6684,6.20146,0.1006,0.0765,0.161612,1.0156,0.833564,1.5543,0,0,0,0,0,0,3.3347,0.0633,5.01773,8.3382,5.41453,9.98003,,,,1,1,120,1,1,VK_PRESENT_MODE_MAILBOX_KHR,,,
diligent_vk_mut_t02,rep2,diligent,vk,mut,2,,0,ok,2399,50001,0x95bca375014e86d9,NVIDIA GeForce RTX 4050 Laptop GPU,3.942,3.72575,6.2332,7.3379,4.2873,9.06214,3.942,3.72575,6.2332,3.8438,3.63679,6.07261,0.0984,0.074594,0.1676,1.0111,0.834398,1.55304,0,0,0,0,0,0,3.3644,0.063898,5.0181,8.3355,5.35114,10.0533,,,,1,1,120,1,1,VK_PRESENT_MODE_MAILBOX_KHR,,,
diligent_vk_mut_t02,rep3,diligent,vk,mut,2,,0,ok,2399,50001,0x95bca375014e86d9,NVIDIA GeForce RTX 4050 Laptop GPU,3.9276,3.7245,6.23164,7.3342,4.255,9.05393,3.9276,3.7245,6.23164,3.8258,3.6406,6.08626,0.0985,0.0748,0.154012,1.0189,0.833288,1.61877,0,0,0,0,0,0,3.3692,0.062898,5.03312,8.3366,5.3773,10.0805,,,,1,1,120,1,1,VK_PRESENT_MODE_MAILBOX_KHR,,,
diligent_vk_mut_t04,rep1,diligent,vk,mut,4,,0,ok,2399,50001,0x95bca375014e86d9,NVIDIA GeForce RTX 4050 Laptop GPU,2.396,2.2732,3.86035,7.6097,6.44271,8.18748,2.396,2.2732,3.86035,2.2848,2.1843,3.72161,0.1121,0.084398,0.165902,0.7199,0.598694,1.54217,0,0,0,0,0,0,5.171,3.40894,5.80778,8.3353,7.76748,8.91482,,,,1,1,120,1,1,VK_PRESENT_MODE_MAILBOX_KHR,,,
diligent_vk_mut_t04,rep2,diligent,vk,mut,4,,0,ok,2399,50001,0x95bca375014e86d9,NVIDIA GeForce RTX 4050 Laptop GPU,2.2918,2.12157,3.83435,7.7675,6.75673,8.28507,2.2918,2.12157,3.83435,2.1853,2.02609,3.66604,0.1091,0.082398,0.167924,0.5474,0.437498,1.33874,0,0,0,0,0,0,5.4265,3.63288,6.02722,8.3351,7.83223,8.85358,,,,1,1,120,1,1,VK_PRESENT_MODE_MAILBOX_KHR,,,
diligent_vk_mut_t04,rep3,diligent,vk,mut,4,,0,ok,2399,50001,0x95bca375014e86d9,NVIDIA GeForce RTX 4050 Laptop GPU,2.3356,2.1211,3.64864,7.7707,6.76998,8.2945,2.3356,2.1211,3.64864,2.2285,2.02629,3.50377,0.1092,0.081794,0.166526,0.5473,0.434798,1.26901,0,0,0,0,0,0,5.3916,3.69938,6.03441,8.3347,7.82453,8.87217,,,,1,1,120,1,1,VK_PRESENT_MODE_MAILBOX_KHR,,,
diligent_vk_mut_t08,rep1,diligent,vk,mut,8,,0,ok,2399,50001,0x95bca375014e86d9,NVIDIA GeForce RTX 4050 Laptop GPU,1.9253,1.74849,2.72768,7.9422,6.81715,8.41654,1.9253,1.74849,2.72768,1.8007,1.62018,2.60706,0.1222,0.1065,0.185308,0.3978,0.317398,1.22223,0,0,0,0,0,0,6.0128,4.60856,6.56044,8.3363,7.86853,8.81361,,,,1,1,120,1,1,VK_PRESENT_MODE_MAILBOX_KHR,,,
diligent_vk_mut_t08,rep2,diligent,vk,mut,8,,0,ok,2399,50001,0x95bca375014e86d9,NVIDIA GeForce RTX 4050 Laptop GPU,1.9473,1.76187,2.80213,7.9488,6.7571,8.44174,1.9473,1.76187,2.80213,1.8258,1.63795,2.67639,0.1197,0.1031,0.182,0.3954,0.3149,1.2732,0,0,0,0,0,0,5.9886,4.54082,6.54895,8.3372,7.8637,8.83413,,,,1,1,120,1,1,VK_PRESENT_MODE_MAILBOX_KHR,,,
diligent_vk_mut_t08,rep3,diligent,vk,mut,8,,0,ok,2399,50001,0x95bca375014e86d9,NVIDIA GeForce RTX 4050 Laptop GPU,1.9559,1.75927,2.78957,7.9469,6.853,8.40285,1.9559,1.75927,2.78957,1.8337,1.6397,2.66395,0.1202,0.105296,0.179006,0.3954,0.314694,1.20261,0,0,0,0,0,0,5.9808,4.66848,6.50572,8.3379,7.8883,8.77432,,,,1,1,120,1,1,VK_PRESENT_MODE_MAILBOX_KHR,,,
diligent_vk_mut_t15,rep1,diligent,vk,mut,15,,0,ok,2399,50001,0x95bca375014e86d9,NVIDIA GeForce RTX 4050 Laptop GPU,1.5082,1.36209,2.296,7.9869,7.29449,8.23178,1.5082,1.36209,2.296,1.3647,1.23239,2.12917,0.1385,0.120896,0.209748,0.3461,0.234196,0.918768,0,0,0,0,0,0,6.4656,5.41698,6.77493,8.3402,8.10697,8.5841,,,,1,1,120,1,1,VK_PRESENT_MODE_MAILBOX_KHR,,,
diligent_vk_mut_t15,rep2,diligent,vk,mut,15,,0,ok,2399,50001,0x95bca375014e86d9,NVIDIA GeForce RTX 4050 Laptop GPU,1.5923,1.48328,2.32861,8.0008,7.59403,8.23337,1.5923,1.48328,2.32861,1.4506,1.34999,2.15248,0.1384,0.118896,0.214712,0.3363,0.228898,0.548246,0,0,0,0,0,0,6.391,5.39794,6.65777,8.3373,8.11342,8.56869,,,,1,1,120,1,1,VK_PRESENT_MODE_MAILBOX_KHR,,,
diligent_vk_mut_t15,rep3,diligent,vk,mut,15,,0,ok,2399,50001,0x95bca375014e86d9,NVIDIA GeForce RTX 4050 Laptop GPU,1.5097,1.38609,2.33904,8.0006,7.29496,8.29835,1.5097,1.38609,2.33904,1.3696,1.25439,2.1725,0.1357,0.118494,0.20631,0.3349,0.230696,0.92043,0,0,0,0,0,0,6.4714,5.35839,6.78431,8.3377,8.07578,8.63423,,,,1,1,120,1,1,VK_PRESENT_MODE_MAILBOX_KHR,,,
diligent_vk_mut_t15,rep4,diligent,vk,mut,15,,0,ok,2397,50001,0x95bca375014e86d9,NVIDIA GeForce RTX 4050 Laptop GPU,1.5882,1.36659,2.35969,7.9858,7.22788,8.29746,1.5882,1.36659,2.35969,1.4442,1.2328,2.19254,0.1379,0.118792,0.22122,0.3472,0.2405,1.00926,0,0,0,0,0,0,6.3714,5.17558,6.80647,8.3396,8.06587,8.62926,,,,1,1,120,1,1,VK_PRESENT_MODE_MAILBOX_KHR,,,
diligent_vk_mut_t15,rep5,diligent,vk,mut,15,,0,ok,2399,50001,0x95bca375014e86d9,NVIDIA GeForce RTX 4050 Laptop GPU,1.5034,1.3568,2.24604,7.9953,7.25219,8.27784,1.5034,1.3568,2.24604,1.36,1.2308,2.09603,0.1373,0.1192,0.206516,0.3404,0.2321,0.961754,0,0,0,0,0,0,6.4767,5.42716,6.83982,8.3385,8.04728,8.61896,,,,1,1,120,1,1,VK_PRESENT_MODE_MAILBOX_KHR,,,
diligent_vk_mut_t15,rep6,diligent,vk,mut,15,,0,ok,2399,50001,0x95bca375014e86d9,NVIDIA GeForce RTX 4050 Laptop GPU,1.4922,1.35958,2.23611,7.9983,7.36902,8.25981,1.4922,1.35958,2.23611,1.3514,1.2283,2.08651,0.1358,0.117796,0.209112,0.3377,0.232974,0.780098,0,0,0,0,0,0,6.4893,5.46953,6.82238,8.3392,8.09904,8.60619,,,,1,1,120,1,1,VK_PRESENT_MODE_MAILBOX_KHR,,,
diligent_vk_tex_mut_t01,rep1,diligent,vk,tex_mut,1,,0,ok,2399,50001,0x95bca375014e86d9,NVIDIA GeForce RTX 4050 Laptop GPU,4.0591,3.88317,5.42072,6.1609,4.13018,9.06312,4.0591,3.88317,5.42072,3.9811,3.82389,5.30572,0.0749,0.046798,0.167602,2.1531,2.0323,2.70256,0,0,0,0,0,0,2.0763,0.074698,4.96424,8.3304,6.2455,11.2231,,,,0,,120,1,0,VK_PRESENT_MODE_MAILBOX_KHR,,,
diligent_vk_tex_mut_t01,rep10,diligent,vk,tex_mut,1,,0,ok,2398,50001,0x95bca375014e86d9,NVIDIA GeForce RTX 4050 Laptop GPU,4.12805,3.8997,5.45008,6.46035,4.31494,9.10508,4.12805,3.8997,5.45008,4.0469,3.84448,5.35222,0.0745,0.045994,0.155512,1.8489,1.7272,2.45535,0,0,0,0,0,0,2.2919,0.0743,4.96333,8.3252,6.1764,10.9218,,,,1,1,120,1,1,VK_PRESENT_MODE_MAILBOX_KHR,,,
diligent_vk_tex_mut_t01,rep2,diligent,vk,tex_mut,1,,0,ok,2399,50001,0x95bca375014e86d9,NVIDIA GeForce RTX 4050 Laptop GPU,3.7849,3.63558,4.572,6.5665,3.99539,8.83852,3.7849,3.63558,4.572,3.7018,3.58055,4.46736,0.0791,0.046796,0.15971,1.7452,1.6796,2.34089,0,0,0,0,0,0,2.7498,0.07819,5.0062,8.3325,5.73086,10.617,,,,1,1,120,1,1,VK_PRESENT_MODE_MAILBOX_KHR,,,
diligent_vk_tex_mut_t01,rep3,diligent,vk,tex_mut,1,,0,ok,2399,50001,0x95bca375014e86d9,NVIDIA GeForce RTX 4050 Laptop GPU,3.7927,3.63029,5.02615,6.5777,4.03275,8.85393,3.7927,3.63029,5.02615,3.7115,3.57234,4.88213,0.0785,0.047296,0.15404,1.7209,1.6638,2.27701,0,0,0,0,0,0,2.7613,0.085186,5.00704,8.3306,5.75739,10.602,,,,1,1,120,1,1,VK_PRESENT_MODE_MAILBOX_KHR,,,
diligent_vk_tex_mut_t01,rep4,diligent,vk,tex_mut,1,,0,ok,2399,50001,0x95bca375014e86d9,NVIDIA GeForce RTX 4050 Laptop GPU,3.8104,3.67599,4.91848,6.5857,4.02387,8.8392,3.8104,3.67599,4.91848,3.7229,3.6158,4.83274,0.0802,0.050296,0.162122,1.7226,1.6735,2.28258,0,0,0,0,0,0,2.7434,0.082078,5.01085,8.3317,5.75139,10.5763,,,,1,1,120,1,1,VK_PRESENT_MODE_MAILBOX_KHR,,,
diligent_vk_tex_mut_t01,rep5,diligent,vk,tex_mut,1,,0,ok,2399,50001,0x95bca375014e86d9,NVIDIA GeForce RTX 4050 Laptop GPU,3.8125,3.64739,4.73512,6.5652,4.08902,8.87278,3.8125,3.64739,4.73512,3.7266,3.59259,4.62969,0.0793,0.0475,0.160502,1.7171,1.6632,2.2784,0,0,0,0,0,0,2.7179,0.087242,4.99284,8.3356,5.78999,10.6156,,,,1,1,120,1,1,VK_PRESENT_MODE_MAILBOX_KHR,,,
diligent_vk_tex_mut_t01,rep6,diligent,vk,tex_mut,1,,0,ok,2399,50001,0x95bca375014e86d9,NVIDIA GeForce RTX 4050 Laptop GPU,3.7543,3.60574,4.70542,6.5895,3.97229,8.78845,3.7543,3.60574,4.70542,3.6707,3.54638,4.59352,0.0786,0.045898,0.147108,1.7131,1.6588,2.28191,0,0,0,0,0,0,2.8099,0.084588,5.02805,8.3385,5.69069,10.5401,,,,1,1,120,1,1,VK_PRESENT_MODE_MAILBOX_KHR,,,
diligent_vk_tex_mut_t01,rep7,diligent,vk,tex_mut,1,,0,ok,2399,50001,0x95bca375014e86d9,NVIDIA GeForce RTX 4050 Laptop GPU,3.7958,3.64288,4.53542,6.5912,4.0379,8.84416,3.7958,3.64288,4.53542,3.713,3.58609,4.43428,0.0771,0.046696,0.156614,1.7111,1.6585,2.29351,0,0,0,0,0,0,2.7701,0.079578,5.01381,8.3393,5.76061,10.6063,,,,1,1,120,1,1,VK_PRESENT_MODE_MAILBOX_KHR,,,
diligent_vk_tex_mut_t01,rep8,diligent,vk,tex_mut,1,,0,ok,2399,50001,0x95bca375014e86d9,NVIDIA GeForce RTX 4050 Laptop GPU,3.8008,3.62399,4.82522,6.5905,4.01912,8.82607,3.8008,3.62399,4.82522,3.7188,3.56778,4.75136,0.0782,0.0465,0.156412,1.7074,1.659,2.21607,0,0,0,0,0,0,2.7674,0.079986,4.9942,8.3414,5.71975,10.542,,,,1,1,120,1,1,VK_PRESENT_MODE_MAILBOX_KHR,,,
diligent_vk_tex_mut_t01,rep9,diligent,vk,tex_mut,1,,0,ok,2399,50001,0x95bca375014e86d9,NVIDIA GeForce RTX 4050 Laptop GPU,3.7771,3.62226,4.46631,6.6013,3.97798,8.81408,3.7771,3.62226,4.46631,3.6945,3.56678,4.31477,0.0779,0.048398,0.14932,1.7129,1.662,2.22476,0,0,0,0,0,0,2.8043,0.078182,5.01587,8.3362,5.69223,10.5217,,,,1,1,120,1,1,VK_PRESENT_MODE_MAILBOX_KHR,,,
diligent_vk_tex_mut_t02,rep1,diligent,vk,tex_mut,2,,0,ok,2399,50001,0x95bca375014e86d9,NVIDIA GeForce RTX 4050 Laptop GPU,2.0989,1.969,3.21964,7.1334,6.12778,7.96371,2.0989,1.969,3.21964,1.9919,1.8973,3.11512,0.0972,0.066098,0.180712,1.1915,0.852598,1.91876,0,0,0,0,0,0,5.0007,3.51643,5.90671,8.3386,7.69196,8.96782,,,,1,1,120,1,1,VK_PRESENT_MODE_MAILBOX_KHR,,,
diligent_vk_tex_mut_t02,rep2,diligent,vk,tex_mut,2,,0,ok,2399,50001,0x95bca375014e86d9,NVIDIA GeForce RTX 4050 Laptop GPU,2.0194,1.8956,3.24988,7.1827,6.1103,7.9826,2.0194,1.8956,3.24988,1.9173,1.82389,3.12375,0.0944,0.0646,0.18211,1.1366,0.844882,1.86202,0,0,0,0,0,0,5.0799,3.49451,5.99071,8.3395,7.68037,8.96955,,,,1,1,120,1,1,VK_PRESENT_MODE_MAILBOX_KHR,,,
diligent_vk_tex_mut_t02,rep3,diligent,vk,tex_mut,2,,0,ok,2399,50001,0x95bca375014e86d9,NVIDIA GeForce RTX 4050 Laptop GPU,2.0869,1.9116,3.23198,7.1749,6.0063,7.97949,2.0869,1.9116,3.23198,1.9888,1.8423,3.1149,0.094,0.0632,0.170236,1.148,0.847694,1.84771,0,0,0,0,0,0,5.0378,3.49548,5.92789,8.3487,7.65446,8.99012,,,,1,1,120,1,1,VK_PRESENT_MODE_MAILBOX_KHR,,,
diligent_vk_tex_mut_t04,rep1,diligent,vk,tex_mut,4,,0,ok,2399,50001,0x95bca375014e86d9,NVIDIA GeForce RTX 4050 Laptop GPU,1.3432,1.13879,2.48132,7.533,6.36891,8.42,1.3432,1.13879,2.48132,1.2381,1.05739,2.33458,0.0979,0.0679,0.183646,0.7969,0.434098,1.53613,0,0,0,0,0,0,6.0637,4.42462,7.164,8.3354,7.6787,8.98434,,,,1,1,120,1,1,VK_PRESENT_MODE_MAILBOX_KHR,,,
diligent_vk_tex_mut_t04,rep2,diligent,vk,tex_mut,4,,0,ok,2399,50001,0x95bca375014e86d9,NVIDIA GeForce RTX 4050 Laptop GPU,1.276,1.05008,2.26509,7.5623,6.38518,8.42333,1.276,1.05008,2.26509,1.1805,0.970498,2.12708,0.0967,0.068598,0.1747,0.749,0.438098,1.53867,0,0,0,0,0,0,6.1513,4.60835,7.23471,8.3389,7.68564,8.98822,,,,1,1,120,1,1,VK_PRESENT_MODE_MAILBOX_KHR,,,
diligent_vk_tex_mut_t04,rep3,diligent,vk,tex_mut,4,,0,ok,2399,50001,0x95bca375014e86d9,NVIDIA GeForce RTX 4050 Laptop GPU,1.2711,1.0459,2.26147,7.5567,6.35567,8.39373,1.2711,1.0459,2.26147,1.1748,0.966698,2.11805,0.0955,0.0696,0.182102,0.7714,0.436398,1.51651,0,0,0,0,0,0,6.1728,4.53898,7.23511,8.3428,7.69718,8.97192,,,,1,1,120,1,1,VK_PRESENT_MODE_MAILBOX_KHR,,,
diligent_vk_tex_mut_t04,rep4,diligent,vk,tex_mut,4,,0,ok,2399,50001,0x95bca375014e86d9,NVIDIA GeForce RTX 4050 Laptop GPU,1.3182,1.0893,2.49996,7.5842,6.379,8.37682,1.3182,1.0893,2.49996,1.2137,1.008,2.39451,0.1021,0.071,0.190246,0.7391,0.439786,1.47972,0,0,0,0,0,0,6.1534,4.43932,7.15265,8.3382,7.69315,8.95062,,,,1,1,120,1,1,VK_PRESENT_MODE_MAILBOX_KHR,,,
diligent_vk_tex_mut_t04,rep5,diligent,vk,tex_mut,4,,0,ok,2398,50001,0x95bca375014e86d9,NVIDIA GeForce RTX 4050 Laptop GPU,1.30335,1.06554,2.27127,7.53455,6.32874,8.38768,1.30335,1.06554,2.27127,1.1992,0.981379,2.16515,0.099,0.070197,0.1909,0.7963,0.441882,1.51647,0,0,0,0,0,0,6.1283,4.5345,7.18332,8.34185,7.69301,8.95594,,,,1,1,120,1,1,VK_PRESENT_MODE_MAILBOX_KHR,,,
diligent_vk_tex_mut_t04,rep6,diligent,vk,tex_mut,4,,0,ok,2399,50001,0x95bca375014e86d9,NVIDIA GeForce RTX 4050 Laptop GPU,1.2868,1.06278,2.23207,7.4932,6.37204,8.39411,1.2868,1.06278,2.23207,1.1872,0.978498,2.05666,0.0984,0.0712,0.18615,0.8349,0.522498,1.59812,0,0,0,0,0,0,6.1335,4.51083,7.2359,8.3382,7.68348,8.97396,,,,1,1,120,1,1,VK_PRESENT_MODE_MAILBOX_KHR,,,
diligent_vk_tex_mut_t08,rep1,diligent,vk,tex_mut,8,,0,ok,2399,50001,0x95bca375014e86d9,NVIDIA GeForce RTX 4050 Laptop GPU,1.1612,0.94446,2.00263,7.7056,6.40073,8.59173,1.1612,0.94446,2.00263,1.0485,0.837872,1.88634,0.1056,0.0876,0.181814,0.5739,0.314498,1.49024,0,0,0,0,0,0,6.4645,4.81418,7.46815,8.343,7.70164,8.9698,,,,1,1,120,1,1,VK_PRESENT_MODE_MAILBOX_KHR,,,
diligent_vk_tex_mut_t08,rep2,diligent,vk,tex_mut,8,,0,ok,2399,50001,0x95bca375014e86d9,NVIDIA GeForce RTX 4050 Laptop GPU,1.1857,0.962284,2.04066,7.729,6.41609,8.58321,1.1857,0.962284,2.04066,1.0749,0.853254,1.92277,0.1054,0.085798,0.191224,0.5319,0.3139,1.46219,0,0,0,0,0,0,6.4552,4.85958,7.47734,8.3358,7.67789,8.9783,,,,1,1,120,1,1,VK_PRESENT_MODE_MAILBOX_KHR,,,
diligent_vk_tex_mut_t08,rep3,diligent,vk,tex_mut,8,,0,ok,2399,50001,0x95bca375014e86d9,NVIDIA GeForce RTX 4050 Laptop GPU,1.1822,0.970296,1.99903,7.7225,6.44474,8.55131,1.1822,0.970296,1.99903,1.072,0.864534,1.88293,0.1053,0.086896,0.181804,0.5442,0.313496,1.39743,0,0,0,0,0,0,6.4688,4.93759,7.44301,8.34,7.69696,8.94107,,,,1,1,120,1,1,VK_PRESENT_MODE_MAILBOX_KHR,,,
diligent_vk_tex_mut_t08,rep4,diligent,vk,tex_mut,8,,0,ok,2399,50001,0x95bca375014e86d9,NVIDIA GeForce RTX 4050 Laptop GPU,1.1681,0.971588,2.00917,7.7347,6.48419,8.59177,1.1681,0.971588,2.00917,1.0574,0.862978,1.90155,0.1057,0.086998,0.191458,0.5267,0.3129,1.3842,0,0,0,0,0,0,6.4655,4.8945,7.47264,8.3361,7.6685,8.97575,,,,1,1,120,1,1,VK_PRESENT_MODE_MAILBOX_KHR,,,
diligent_vk_tex_mut_t08,rep5,diligent,vk,tex_mut,8,,0,ok,2399,50001,0x95bca375014e86d9,NVIDIA GeForce RTX 4050 Laptop GPU,1.1567,0.953196,2.00643,7.7388,6.44162,8.62313,1.1567,0.953196,2.00643,1.0447,0.848776,1.86978,0.1046,0.085,0.179304,0.5133,0.314988,1.40162,0,0,0,0,0,0,6.4817,4.90199,7.49284,8.3372,7.65749,9.0135,,,,1,1,120,1,1,VK_PRESENT_MODE_MAILBOX_KHR,,,
diligent_vk_tex_mut_t15,rep1,diligent,vk,tex_mut,15,,0,ok,2399,50001,0x95bca375014e86d9,NVIDIA GeForce RTX 4050 Laptop GPU,0.9203,0.760898,1.625,7.9423,6.55577,8.64057,0.9203,0.760898,1.625,0.795,0.646998,1.4677,0.1199,0.096196,0.223266,0.3764,0.225892,1.31291,0,0,0,0,0,0,6.9489,5.283,7.77895,8.3412,7.69925,8.96531,,,,1,1,120,1,1,VK_PRESENT_MODE_MAILBOX_KHR,,,
diligent_vk_tex_mut_t15,rep2,diligent,vk,tex_mut,15,,0,ok,2399,50001,0x95bca375014e86d9,NVIDIA GeForce RTX 4050 Laptop GPU,0.9291,0.758746,1.58623,7.9525,6.54888,8.69763,0.9291,0.758746,1.58623,0.8016,0.642164,1.44216,0.1226,0.099096,0.233012,0.3678,0.225986,1.29464,0,0,0,0,0,0,6.9558,5.2887,7.80696,8.333,7.67865,9.01538,,,,1,1,120,1,1,VK_PRESENT_MODE_MAILBOX_KHR,,,
diligent_vk_tex_mut_t15,rep3,diligent,vk,tex_mut,15,,0,ok,2399,50001,0x95bca375014e86d9,NVIDIA GeForce RTX 4050 Laptop GPU,0.9159,0.758586,1.60648,7.9446,6.56843,8.70722,0.9159,0.758586,1.60648,0.7882,0.6436,1.4583,0.1202,0.097894,0.210104,0.3692,0.226,1.30604,0,0,0,0,0,0,6.9526,5.38338,7.81751,8.3336,7.6902,8.98868,,,,1,1,120,1,1,VK_PRESENT_MODE_MAILBOX_KHR,,,
diligent_vk_bindless_t01,rep1,diligent,vk,bindless,1,,0,ok,2398,50001,0x95bca375014e86d9,NVIDIA GeForce RTX 4050 Laptop GPU,2.0663,1.98228,2.95902,6.6083,5.64028,7.26496,2.0663,1.98228,2.95902,1.9908,1.92829,2.86066,0.0701,0.044197,0.144912,1.7057,1.661,2.2544,0,0,0,0,0,0,4.5139,3.20025,5.2251,8.3366,7.68438,8.96555,,,,1,1,120,1,1,VK_PRESENT_MODE_MAILBOX_KHR,,,
diligent_vk_bindless_t01,rep2,diligent,vk,bindless,1,,0,ok,2399,50001,0x95bca375014e86d9,NVIDIA GeForce RTX 4050 Laptop GPU,2.0805,1.97489,3.09946,6.6146,5.67686,7.25002,2.0805,1.97489,3.09946,2.0015,1.925,3.00522,0.0739,0.044598,0.151654,1.6895,1.6479,2.26592,0,0,0,0,0,0,4.5153,3.20705,5.22424,8.3411,7.72069,8.93876,,,,1,1,120,1,1,VK_PRESENT_MODE_MAILBOX_KHR,,,
diligent_vk_bindless_t01,rep3,diligent,vk,bindless,1,,0,ok,2399,50001,0x95bca375014e86d9,NVIDIA GeForce RTX 4050 Laptop GPU,2.0702,1.97709,2.81811,6.6194,5.67258,7.25241,2.0702,1.97709,2.81811,1.9932,1.9281,2.74222,0.0717,0.0447,0.14803,1.6966,1.65839,2.20576,0,0,0,0,0,0,4.5215,3.21718,5.23151,8.342,7.68633,8.95362,,,,1,1,120,1,1,VK_PRESENT_MODE_MAILBOX_KHR,,,
diligent_vk_bindless_t01,rep4,diligent,vk,bindless,1,,0,ok,2399,50001,0x95bca375014e86d9,NVIDIA GeForce RTX 4050 Laptop GPU,2.0822,1.99799,2.67266,6.6037,5.63139,7.29163,2.0822,1.99799,2.67266,2.0005,1.9406,2.59003,0.075,0.050998,0.141104,1.7083,1.6544,2.23952,0,0,0,0,0,0,4.4892,3.3826,5.24196,8.3376,7.65458,8.98793,,,,1,1,120,1,1,VK_PRESENT_MODE_MAILBOX_KHR,,,
diligent_vk_bindless_t01,rep5,diligent,vk,bindless,1,,0,ok,2399,50001,0x95bca375014e86d9,NVIDIA GeForce RTX 4050 Laptop GPU,2.0826,1.9832,2.61843,6.5751,5.66574,7.24452,2.0826,1.9832,2.61843,2.0007,1.9291,2.54858,0.0757,0.046994,0.156308,1.7247,1.66328,2.26761,0,0,0,0,0,0,4.4722,3.39345,5.21578,8.3456,7.71128,8.93968,,,,1,1,120,1,1,VK_PRESENT_MODE_MAILBOX_KHR,,,
diligent_vk_bindless_t02,rep1,diligent,vk,bindless,2,,0,ok,2399,50001,0x95bca375014e86d9,NVIDIA GeForce RTX 4050 Laptop GPU,1.2062,1.0938,1.95002,7.3247,6.27797,8.00611,1.2062,1.0938,1.95002,1.1122,1.0284,1.82555,0.0893,0.059698,0.174724,1.0212,0.839898,1.6477,0,0,0,0,0,0,6.0558,4.82402,6.85217,8.3392,7.65918,9.01257,,,,1,1,120,1,1,VK_PRESENT_MODE_MAILBOX_KHR,,,
diligent_vk_bindless_t02,rep2,diligent,vk,bindless,2,,0,ok,2399,50001,0x95bca375014e86d9,NVIDIA GeForce RTX 4050 Laptop GPU,1.2137,1.0827,1.94664,7.1757,6.15895,7.98333,1.2137,1.0827,1.94664,1.1232,1.02159,1.81763,0.0859,0.0557,0.162202,1.1424,0.839898,1.83447,0,0,0,0,0,0,5.9087,4.66791,6.84464,8.344,7.67259,8.9493,,,,1,1,120,1,1,VK_PRESENT_MODE_MAILBOX_KHR,,,
diligent_vk_bindless_t02,rep3,diligent,vk,bindless,2,,0,ok,2399,50001,0x95bca375014e86d9,NVIDIA GeForce RTX 4050 Laptop GPU,1.2087,1.08469,1.86202,7.1866,6.13192,8.00733,1.2087,1.08469,1.86202,1.1209,1.0226,1.75732,0.0858,0.0556,0.16301,1.1418,0.8429,1.81651,0,0,0,0,0,0,5.9134,4.68997,6.85168,8.3436,7.6747,8.9791,,,,1,1,120,1,1,VK_PRESENT_MODE_MAILBOX_KHR,,,
diligent_vk_bindless_t04,rep1,diligent,vk,bindless,4,,0,ok,2399,50001,0x95bca375014e86d9,NVIDIA GeForce RTX 4050 Laptop GPU,0.8764,0.637296,1.36399,7.5467,6.40805,8.33892,0.8764,0.637296,1.36399,0.7942,0.572696,1.22123,0.0886,0.0559,0.186618,0.7465,0.4794,1.59613,0,0,0,0,0,0,6.6318,5.37084,7.54057,8.3472,7.68094,8.97058,,,,1,1,120,1,1,VK_PRESENT_MODE_MAILBOX_KHR,,,
diligent_vk_bindless_t04,rep2,diligent,vk,bindless,4,,0,ok,2399,50001,0x95bca375014e86d9,NVIDIA GeForce RTX 4050 Laptop GPU,0.8601,0.642874,1.36601,7.6215,6.4756,8.38244,0.8601,0.642874,1.36601,0.7734,0.57629,1.21007,0.0874,0.056598,0.195618,0.6714,0.428494,1.47063,0,0,0,0,0,0,6.7134,5.38533,7.63289,8.3501,7.64305,8.95578,,,,1,1,120,1,1,VK_PRESENT_MODE_MAILBOX_KHR,,,
diligent_vk_bindless_t04,rep3,diligent,vk,bindless,4,,0,ok,2399,50001,0x95bca375014e86d9,NVIDIA GeForce RTX 4050 Laptop GPU,1.0812,0.653596,1.66186,7.5913,6.51902,8.37754,1.0812,0.653596,1.66186,0.9963,0.585594,1.53316,0.0873,0.0566,0.194406,0.7087,0.430298,1.42792,0,0,0,0,0,0,6.5098,5.25284,7.5814,8.3404,7.69386,8.94215,,,,1,1,120,1,1,VK_PRESENT_MODE_MAILBOX_KHR,,,
diligent_vk_bindless_t04,rep4,diligent,vk,bindless,4,,0,ok,2399,50001,0x95bca375014e86d9,NVIDIA GeForce RTX 4050 Laptop GPU,0.8466,0.645792,1.29683,7.6137,6.44134,8.37879,0.8466,0.645792,1.29683,0.7547,0.578098,1.16192,0.085,0.055198,0.177948,0.6682,0.4301,1.45506,0,0,0,0,0,0,6.7301,5.34112,7.62893,8.3453,7.65623,8.94818,,,,1,1,120,1,1,VK_PRESENT_MODE_MAILBOX_KHR,,,
diligent_vk_bindless_t04,rep5,diligent,vk,bindless,4,,0,ok,2399,50001,0x95bca375014e86d9,NVIDIA GeForce RTX 4050 Laptop GPU,0.8561,0.640494,1.36593,7.6263,6.47707,8.37151,0.8561,0.640494,1.36593,0.7712,0.574566,1.23554,0.0863,0.056098,0.170732,0.6738,0.4311,1.40851,0,0,0,0,0,0,6.7246,5.35262,7.61461,8.346,7.69756,8.93435,,,,1,1,120,1,1,VK_PRESENT_MODE_MAILBOX_KHR,,,
diligent_vk_bindless_t04,rep6,diligent,vk,bindless,4,,0,ok,2398,50001,0x95bca375014e86d9,NVIDIA GeForce RTX 4050 Laptop GPU,0.86,0.646773,1.36985,7.63405,6.4134,8.39746,0.86,0.646773,1.36985,0.77565,0.577488,1.21332,0.0875,0.054997,0.187709,0.6658,0.434373,1.46046,0,0,0,0,0,0,6.72605,5.35735,7.63923,8.34525,7.63903,8.97092,,,,1,1,120,1,1,VK_PRESENT_MODE_MAILBOX_KHR,,,
diligent_vk_bindless_t08,rep1,diligent,vk,bindless,8,,0,ok,2399,50001,0x95bca375014e86d9,NVIDIA GeForce RTX 4050 Laptop GPU,0.8616,0.697078,1.34223,7.809,6.40875,8.58836,0.8616,0.697078,1.34223,0.7458,0.6011,1.17431,0.1085,0.078894,0.217312,0.4787,0.319896,1.43415,0,0,0,0,0,0,6.9168,5.31808,7.82116,8.3405,7.62747,9.012,,,,1,1,120,1,1,VK_PRESENT_MODE_MAILBOX_KHR,,,
diligent_vk_bindless_t08,rep10,diligent,vk,bindless,8,,0,ok,2399,50001,0x95bca375014e86d9,NVIDIA GeForce RTX 4050 Laptop GPU,0.7123,0.587494,1.10701,7.8691,6.63103,8.55845,0.7123,0.587494,1.10701,0.6154,0.513086,0.964018,0.0908,0.068,0.193942,0.4611,0.311698,1.27474,0,0,0,0,0,0,7.11,5.76669,7.92161,8.3438,7.6823,8.95639,,,,1,1,120,1,1,VK_PRESENT_MODE_MAILBOX_KHR,,,
diligent_vk_bindless_t08,rep2,diligent,vk,bindless,8,,0,ok,2399,50001,0x95bca375014e86d9,NVIDIA GeForce RTX 4050 Laptop GPU,0.7163,0.605786,1.08566,7.9024,6.6516,8.57832,0.7163,0.605786,1.08566,0.6161,0.529898,0.93932,0.0927,0.069982,0.186242,0.414,0.315396,1.28567,0,0,0,0,0,0,7.1653,5.7372,7.91224,8.3388,7.69338,8.96644,,,,1,1,120,1,1,VK_PRESENT_MODE_MAILBOX_KHR,,,
diligent_vk_bindless_t08,rep3,diligent,vk,bindless,8,,0,ok,2399,50001,0x95bca375014e86d9,NVIDIA GeForce RTX 4050 Laptop GPU,0.7306,0.603698,1.12791,7.8426,6.57971,8.57802,0.7306,0.603698,1.12791,0.6329,0.529774,0.970244,0.0923,0.0695,0.18089,0.4661,0.312896,1.28169,0,0,0,0,0,0,7.0752,5.71772,7.90657,8.3425,7.68203,8.97311,,,,1,1,120,1,1,VK_PRESENT_MODE_MAILBOX_KHR,,,
diligent_vk_bindless_t08,rep4,diligent,vk,bindless,8,,0,ok,2399,50001,0x95bca375014e86d9,NVIDIA GeForce RTX 4050 Laptop GPU,0.7132,0.5941,1.0777,7.8947,6.61388,8.58427,0.7132,0.5941,1.0777,0.6138,0.522192,0.951624,0.0925,0.0678,0.177004,0.4206,0.3118,1.28668,0,0,0,0,0,0,7.1653,5.69958,7.92145,8.3405,7.69808,8.95566,,,,1,1,120,1,1,VK_PRESENT_MODE_MAILBOX_KHR,,,
diligent_vk_bindless_t08,rep5,diligent,vk,bindless,8,,0,ok,2399,50001,0x95bca375014e86d9,NVIDIA GeForce RTX 4050 Laptop GPU,0.7233,0.594992,1.11164,7.8976,6.55644,8.58642,0.7233,0.594992,1.11164,0.6256,0.522996,0.95351,0.0919,0.069096,0.189024,0.4472,0.311898,1.28656,0,0,0,0,0,0,7.1563,5.71541,7.91136,8.3431,7.6898,8.95587,,,,1,1,120,1,1,VK_PRESENT_MODE_MAILBOX_KHR,,,
diligent_vk_bindless_t08,rep6,diligent,vk,bindless,8,,0,ok,2399,50001,0x95bca375014e86d9,NVIDIA GeForce RTX 4050 Laptop GPU,0.7173,0.597184,1.12201,7.8653,6.60782,8.60583,0.7173,0.597184,1.12201,0.6187,0.52118,0.972504,0.0916,0.067,0.195144,0.462,0.311994,1.26917,0,0,0,0,0,0,7.1215,5.64778,7.9137,8.3471,7.67552,9.00595,,,,1,1,120,1,1,VK_PRESENT_MODE_MAILBOX_KHR,,,
diligent_vk_bindless_t08,rep7,diligent,vk,bindless,8,,0,ok,2398,50001,0x95bca375014e86d9,NVIDIA GeForce RTX 4050 Laptop GPU,0.7151,0.594849,1.09167,7.8704,6.65776,8.58712,0.7151,0.594849,1.09167,0.61545,0.519797,0.964393,0.0919,0.068994,0.202642,0.4594,0.310597,1.26624,0,0,0,0,0,0,7.1325,5.73803,7.91803,8.34475,7.66896,8.96138,,,,1,1,120,1,1,VK_PRESENT_MODE_MAILBOX_KHR,,,
diligent_vk_bindless_t08,rep8,diligent,vk,bindless,8,,0,ok,2399,50001,0x95bca375014e86d9,NVIDIA GeForce RTX 4050 Laptop GPU,0.7134,0.5965,1.09896,7.8718,6.6268,8.58611,0.7134,0.5965,1.09896,0.6139,0.521188,0.957724,0.0909,0.0675,0.18671,0.4607,0.312496,1.29765,0,0,0,0,0,0,7.1362,5.71252,7.90338,8.3434,7.66588,8.96742,,,,1,1,120,1,1,VK_PRESENT_MODE_MAILBOX_KHR,,,
diligent_vk_bindless_t08,rep9,diligent,vk,bindless,8,,0,ok,2399,50001,0x95bca375014e86d9,NVIDIA GeForce RTX 4050 Laptop GPU,0.7209,0.595998,1.12912,7.8611,6.57492,8.59772,0.7209,0.595998,1.12912,0.6211,0.52139,0.990038,0.0927,0.067394,0.193222,0.4605,0.3116,1.2743,0,0,0,0,0,0,7.1084,5.71195,7.92215,8.345,7.6833,8.96093,,,,1,1,120,1,1,VK_PRESENT_MODE_MAILBOX_KHR,,,
diligent_vk_bindless_t15,rep1,diligent,vk,bindless,15,,0,ok,2398,50001,0x95bca375014e86d9,NVIDIA GeForce RTX 4050 Laptop GPU,0.6756,0.5369,1.08494,7.9765,6.69617,8.66363,0.6756,0.5369,1.08494,0.5586,0.4464,0.91376,0.11115,0.082497,0.229006,0.35245,0.220897,1.17437,0,0,0,0,0,0,7.28705,5.80214,8.05359,8.3396,7.70428,8.96229,,,,1,1,120,1,1,VK_PRESENT_MODE_MAILBOX_KHR,,,
diligent_vk_bindless_t15,rep2,diligent,vk,bindless,15,,0,ok,2399,50001,0x95bca375014e86d9,NVIDIA GeForce RTX 4050 Laptop GPU,0.6565,0.535392,1.06917,7.9837,6.67691,8.65184,0.6565,0.535392,1.06917,0.5452,0.442796,0.89636,0.1083,0.080894,0.20221,0.3441,0.224198,1.18737,0,0,0,0,0,0,7.3093,5.84278,8.05158,8.3433,7.69836,8.95981,,,,1,1,120,1,1,VK_PRESENT_MODE_MAILBOX_KHR,,,
diligent_vk_bindless_t15,rep3,diligent,vk,bindless,15,,0,ok,2399,50001,0x95bca375014e86d9,NVIDIA GeForce RTX 4050 Laptop GPU,0.6373,0.530898,1.00651,7.9903,6.71005,8.67097,0.6373,0.530898,1.00651,0.5285,0.439196,0.84675,0.1067,0.082398,0.206038,0.3383,0.221998,1.17267,0,0,0,0,0,0,7.3446,5.84609,8.07918,8.3416,7.6974,8.9676,,,,1,1,120,1,1,VK_PRESENT_MODE_MAILBOX_KHR,,,
diligent_vk_bindless_t15,rep4,diligent,vk,bindless,15,,0,ok,2398,50001,0x95bca375014e86d9,NVIDIA GeForce RTX 4050 Laptop GPU,0.66605,0.540294,1.0783,7.97625,6.70082,8.64376,0.66605,0.540294,1.0783,0.55055,0.445367,0.903642,0.1108,0.084297,0.208915,0.3469,0.224797,1.14297,0,0,0,0,0,0,7.2977,5.85793,8.03021,8.34175,7.70725,8.952,,,,1,1,120,1,1,VK_PRESENT_MODE_MAILBOX_KHR,,,
diligent_vk_bindless_t15,rep5,diligent,vk,bindless,15,,0,ok,2399,50001,0x95bca375014e86d9,NVIDIA GeForce RTX 4050 Laptop GPU,0.6487,0.528694,1.05771,7.982,6.69553,8.66847,0.6487,0.528694,1.05771,0.5356,0.438094,0.891854,0.1073,0.0804,0.216608,0.344,0.224892,1.18951,0,0,0,0,0,0,7.3199,5.83089,8.07344,8.3416,7.6798,8.97753,,,,1,1,120,1,1,VK_PRESENT_MODE_MAILBOX_KHR,,,
diligent_vk_bindless_t15,rep6,diligent,vk,bindless,15,,0,ok,2399,50001,0x95bca375014e86d9,NVIDIA GeForce RTX 4050 Laptop GPU,0.6516,0.535392,1.03737,7.9865,6.69047,8.6384,0.6516,0.535392,1.03737,0.5368,0.441796,0.862406,0.1096,0.082196,0.210518,0.3428,0.2246,1.13942,0,0,0,0,0,0,7.325,5.84274,8.03773,8.3425,7.70413,8.92425,,,,1,1,120,1,1,VK_PRESENT_MODE_MAILBOX_KHR,,,
nvrhi_vk_mut_t01,rep1,nvrhi,vk,mut,1,,0,ok,954,50001,0x95bca375014e86d9,NVIDIA GeForce RTX 4050 Laptop GPU,18.9083,17.9914,22.1213,18.9577,18.0366,22.1697,19.0059,18.0889,22.2199,18.7164,17.8099,21.9278,0.18645,0.168212,0.270123,1.658,1.634,1.92772,0.1071,0.1041,0.133947,0.098,0.0958,0.121447,0.0487,0.0418,0.080529,20.7527,19.822,23.9667,,,,0,,120,1,0,VK_PRESENT_MODE_IMMEDIATE_KHR,n/a,0,
nvrhi_vk_mut_t01,rep2,nvrhi,vk,mut,1,,0,ok,929,50001,0x95bca375014e86d9,NVIDIA GeForce RTX 4050 Laptop GPU,19.4858,17.9484,23.2699,19.5365,17.9964,23.3273,19.5982,18.0479,23.3686,19.2963,17.769,23.0826,0.1886,0.167884,0.30254,1.6499,1.62793,1.96132,0.1069,0.1041,0.203876,0.098,0.0959,0.173772,0.0491,0.0424,0.0823,21.3377,19.7725,25.1405,,,,0,,120,1,0,VK_PRESENT_MODE_IMMEDIATE_KHR,n/a,0,
nvrhi_vk_mut_t01,rep3,nvrhi,vk,mut,1,,0,ok,912,50001,0x95bca375014e86d9,NVIDIA GeForce RTX 4050 Laptop GPU,19.8971,18.0717,23.9256,19.9427,18.1191,23.9723,19.999,18.1694,24.0238,19.7135,17.9002,23.7419,0.18805,0.169111,0.286701,1.6552,1.62753,1.9077,0.1078,0.105111,0.140915,0.098,0.0961,0.12859,0.0487,0.042022,0.088967,21.7644,19.8877,25.782,,,,0,,120,1,0,VK_PRESENT_MODE_IMMEDIATE_KHR,n/a,0,
nvrhi_vk_mut_t01,rep4,nvrhi,vk,mut,1,,0,ok,1010,50001,0x95bca375014e86d9,NVIDIA GeForce RTX 4050 Laptop GPU,17.7635,16.2147,21.924,17.8124,16.263,21.9733,17.8671,16.3124,22.0216,17.5744,16.0306,21.7155,0.18635,0.167418,0.303075,1.651,1.62144,1.91085,0.1078,0.1046,0.160201,0.0981,0.0961,0.144452,0.0486,0.042309,0.085992,19.5997,18.047,23.7485,,,,0,,120,1,0,VK_PRESENT_MODE_IMMEDIATE_KHR,n/a,0,
nvrhi_vk_mut_t01,rep5,nvrhi,vk,mut,1,,0,ok,1003,50001,0x95bca375014e86d9,NVIDIA GeForce RTX 4050 Laptop GPU,17.8187,16.5471,21.4074,17.8684,16.5959,21.486,17.9205,16.6454,21.5055,17.6266,16.3663,21.1586,0.1866,0.165906,0.288684,1.7598,1.73191,2.04428,0.1074,0.104402,0.148188,0.0983,0.0965,0.134574,0.0489,0.041702,0.092366,19.7601,18.4888,23.3872,,,,0,,120,1,0,VK_PRESENT_MODE_IMMEDIATE_KHR,n/a,0,
nvrhi_vk_mut_t01,rep6,nvrhi,vk,mut,1,,0,ok,1014,50001,0x95bca375014e86d9,NVIDIA GeForce RTX 4050 Laptop GPU,17.6515,16.2537,21.6482,17.6993,16.2996,21.7138,17.7499,16.3518,21.7455,17.4555,16.0777,21.4108,0.18425,0.166113,0.291355,1.6649,1.64171,1.83845,0.10715,0.1042,0.218188,0.098,0.0959,0.208592,0.0479,0.041113,0.082944,19.5105,18.1107,23.5691,,,,0,,120,1,0,VK_PRESENT_MODE_IMMEDIATE_KHR,n/a,0,
nvrhi_vk_mut_t02,rep1,nvrhi,vk,mut,2,,0,ok,2011,50001,0x95bca375014e86d9,NVIDIA GeForce RTX 4050 Laptop GPU,8.6475,8.41798,11.5809,8.695,8.46271,11.6313,8.7472,8.52072,11.6802,8.4718,8.25554,11.4019,0.1743,0.15762,0.22818,0.9765,0.83161,1.19003,0.108,0.105,0.1393,0.0993,0.0973,0.12769,0.0476,0.0401,0.06968,9.7966,9.48022,12.7954,,,,0,,120,1,0,VK_PRESENT_MODE_IMMEDIATE_KHR,n/a,0,
nvrhi_vk_mut_t02,rep2,nvrhi,vk,mut,2,,0,ok,2024,50001,0x95bca375014e86d9,NVIDIA GeForce RTX 4050 Laptop GPU,8.60755,8.40656,11.0275,8.65585,8.44931,11.1033,8.7076,8.50774,11.127,8.43115,8.24253,10.8383,0.1744,0.158423,0.224462,0.98115,0.835569,1.15158,0.1085,0.1057,0.136408,0.0996,0.0977,0.1247,0.0475,0.0402,0.065731,9.76465,9.44581,12.2749,,,,0,,120,1,0,VK_PRESENT_MODE_IMMEDIATE_KHR,n/a,0,
nvrhi_vk_mut_t02,rep3,nvrhi,vk,mut,2,,0,ok,2023,50001,0x95bca375014e86d9,NVIDIA GeForce RTX 4050 Laptop GPU,8.6214,8.41584,11.0642,8.6677,8.4569,11.118,8.722,8.51593,11.1648,8.4462,8.25013,10.8582,0.1738,0.157322,0.223,0.9813,0.84941,1.14739,0.1082,0.1052,0.139956,0.0994,0.097522,0.128556,0.0462,0.0393,0.068134,9.7801,9.48671,12.2731,,,,0,,120,1,0,VK_PRESENT_MODE_IMMEDIATE_KHR,n/a,0,
nvrhi_vk_mut_t04,rep1,nvrhi,vk,mut,4,,0,ok,3617,50001,0x95bca375014e86d9,NVIDIA GeForce RTX 4050 Laptop GPU,4.6928,4.50445,6.37494,4.7398,4.54683,6.42704,4.7954,4.60561,6.48304,4.5194,4.34341,6.1786,0.1728,0.156216,0.231452,0.527,0.425816,0.64232,0.1093,0.1062,0.144536,0.1013,0.0995,0.135084,0.0458,0.039,0.0677,5.3929,5.14968,7.16396,,,,0,,120,1,0,VK_PRESENT_MODE_IMMEDIATE_KHR,n/a,0,
nvrhi_vk_mut_t04,rep2,nvrhi,vk,mut,4,,0,ok,3348,50001,0x95bca375014e86d9,NVIDIA GeForce RTX 4050 Laptop GPU,5.1335,4.98979,6.85421,5.17915,5.03039,6.91217,5.2362,5.09069,6.96775,4.96395,4.83024,6.63967,0.1704,0.1552,0.222465,0.5292,0.426041,0.645971,0.1093,0.106,0.142053,0.1012,0.0989,0.131453,0.04595,0.0391,0.068006,5.83545,5.64007,7.614,,,,0,,120,1,0,VK_PRESENT_MODE_IMMEDIATE_KHR,n/a,0,
nvrhi_vk_mut_t04,rep3,nvrhi,vk,mut,4,,0,ok,3423,50001,0x95bca375014e86d9,NVIDIA GeForce RTX 4050 Laptop GPU,4.9766,4.8312,6.76692,5.0226,4.8741,6.82636,5.0788,4.93323,6.88782,4.8043,4.67121,6.55095,0.1732,0.156122,0.231424,0.5302,0.4257,0.657462,0.1097,0.1065,0.1444,0.1016,0.0996,0.1347,0.0467,0.0393,0.069156,5.6813,5.47944,7.58632,,,,0,,120,1,0,VK_PRESENT_MODE_IMMEDIATE_KHR,n/a,0,
nvrhi_vk_mut_t04,rep4,nvrhi,vk,mut,4,,0,ok,3412,50001,0x95bca375014e86d9,NVIDIA GeForce RTX 4050 Laptop GPU,5.0218,4.83588,6.66021,5.06825,4.87838,6.70955,5.1249,4.93712,6.76058,4.84895,4.6725,6.46842,0.1733,0.1571,0.229489,0.5272,0.426766,0.652068,0.1092,0.106,0.145178,0.1014,0.0992,0.135578,0.0465,0.0391,0.067389,5.72525,5.48965,7.40294,,,,0,,120,1,0,VK_PRESENT_MODE_IMMEDIATE_KHR,n/a,0,
nvrhi_vk_mut_t04,rep5,nvrhi,vk,mut,4,,0,ok,3621,50001,0x95bca375014e86d9,NVIDIA GeForce RTX 4050 Laptop GPU,4.6797,4.49824,6.49772,4.7269,4.5406,6.55424,4.7827,4.60102,6.6138,4.5072,4.33784,6.29552,0.1719,0.1566,0.22826,0.5267,0.4251,0.63734,0.1091,0.1061,0.14278,0.1014,0.0994,0.13392,0.0468,0.0397,0.06684,5.3794,5.15062,7.26702,,,,0,,120,1,0,VK_PRESENT_MODE_IMMEDIATE_KHR,n/a,0,
nvrhi_vk_mut_t04,rep6,nvrhi,vk,mut,4,,0,ok,3534,50001,0x95bca375014e86d9,NVIDIA GeForce RTX 4050 Laptop GPU,4.8089,4.64337,6.70415,4.8552,4.68656,6.75191,4.91045,4.7446,6.80509,4.63605,4.48009,6.52305,0.1728,0.156933,0.229968,0.5283,0.4276,0.654002,0.1091,0.1059,0.1437,0.1013,0.0992,0.134434,0.0465,0.0396,0.067967,5.5108,5.29143,7.51684,,,,0,,120,1,0,VK_PRESENT_MODE_IMMEDIATE_KHR,n/a,0,
nvrhi_vk_mut_t08,rep1,nvrhi,vk,mut,8,,0,ok,4910,50001,0x95bca375014e86d9,NVIDIA GeForce RTX 4050 Laptop GPU,3.5316,3.26359,4.13179,3.5795,3.31074,4.18356,3.638,3.37051,4.24922,3.3484,3.08544,3.93477,0.1803,0.1692,0.236091,0.3259,0.290499,0.439182,0.1125,0.1097,0.146682,0.104,0.102209,0.137691,0.047,0.0424,0.071673,4.05005,3.77628,4.7174,,,,0,,120,1,0,VK_PRESENT_MODE_IMMEDIATE_KHR,n/a,0,
nvrhi_vk_mut_t08,rep2,nvrhi,vk,mut,8,,0,ok,4936,50001,0x95bca375014e86d9,NVIDIA GeForce RTX 4050 Laptop GPU,3.4971,3.24786,4.13799,3.5457,3.29459,4.19751,3.6027,3.35511,4.25161,3.3124,3.06256,3.94823,0.1815,0.1687,0.243145,0.3271,0.28488,0.48988,0.1125,0.1096,0.149265,0.1037,0.1018,0.1388,0.0474,0.0421,0.071495,4.02115,3.76458,4.75124,,,,0,,120,1,0,VK_PRESENT_MODE_IMMEDIATE_KHR,n/a,0,
nvrhi_vk_mut_t08,rep3,nvrhi,vk,mut,8,,0,ok,4928,50001,0x95bca375014e86d9,NVIDIA GeForce RTX 4050 Laptop GPU,3.5032,3.25099,4.12785,3.5521,3.30107,4.1942,3.61005,3.35676,4.2531,3.31825,3.07429,3.89974,0.1822,0.170527,0.236092,0.3234,0.279208,0.468311,0.1128,0.1099,0.149073,0.1039,0.1019,0.138773,0.0474,0.0425,0.072473,4.0218,3.77724,4.76038,,,,0,,120,1,0,VK_PRESENT_MODE_IMMEDIATE_KHR,n/a,0,
nvrhi_vk_mut_t15,rep1,nvrhi,vk,mut,15,,0,ok,6756,50001,0x95bca375014e86d9,NVIDIA GeForce RTX 4050 Laptop GPU,2.3721,2.1546,3.80652,2.4249,2.21375,3.8637,2.4856,2.26661,3.92973,2.15545,1.9418,3.57728,0.2143,0.1839,0.32269,0.273,0.1846,0.413115,0.1193,0.1145,0.159045,0.1106,0.1071,0.14799,0.05105,0.0452,0.0809,2.84325,2.56927,4.35283,,,,0,,120,1,0,VK_PRESENT_MODE_IMMEDIATE_KHR,n/a,0,
nvrhi_vk_mut_t15,rep2,nvrhi,vk,mut,15,,0,ok,6702,50001,0x95bca375014e86d9,NVIDIA GeForce RTX 4050 Laptop GPU,2.3932,2.1749,3.77528,2.44665,2.2328,3.83028,2.5041,2.2832,3.89923,2.18385,1.95911,3.56019,0.2083,0.1828,0.302699,0.2767,0.1863,0.392698,0.1175,0.113701,0.158099,0.1086,0.1061,0.1471,0.0513,0.0457,0.081297,2.8618,2.5848,4.3119,,,,0,,120,1,0,VK_PRESENT_MODE_IMMEDIATE_KHR,n/a,0,
nvrhi_vk_mut_t15,rep3,nvrhi,vk,mut,15,,0,ok,6661,50001,0x95bca375014e86d9,NVIDIA GeForce RTX 4050 Laptop GPU,2.4007,2.17718,3.85606,2.4531,2.2307,3.91704,2.5134,2.2888,3.97772,2.1894,1.95986,3.6328,0.2083,0.18266,0.30838,0.2743,0.1845,0.42442,0.1182,0.1138,0.15864,0.1094,0.1064,0.14782,0.0508,0.045,0.07774,2.8719,2.57936,4.44138,,,,0,,120,1,0,VK_PRESENT_MODE_IMMEDIATE_KHR,n/a,0,
nvrhi_vk_tex_mut_t01,rep1,nvrhi,vk,tex_mut,1,,0,ok,1281,50001,0x95bca375014e86d9,NVIDIA GeForce RTX 4050 Laptop GPU,13.3658,10.049,18.806,13.4479,10.1011,18.8603,13.5263,10.1495,18.9459,13.1172,9.85584,18.5645,0.2139,0.1714,0.89956,1.7814,1.66808,2.66456,0.1206,0.10636,0.69574,0.1054,0.0975,0.67254,0.0643,0.0437,0.1282,15.5042,11.9451,20.8589,,,,0,,120,1,0,VK_PRESENT_MODE_IMMEDIATE_KHR,n/a,0,
nvrhi_vk_tex_mut_t01,rep10,nvrhi,vk,tex_mut,1,,0,ok,1505,50001,0x95bca375014e86d9,NVIDIA GeForce RTX 4050 Laptop GPU,11.346,9.9539,13.5315,11.4045,9.99498,13.6037,11.4548,10.0528,13.6326,11.1303,9.78775,13.2894,0.1828,0.1593,0.329312,1.6728,1.64481,1.98564,0.1093,0.1049,0.181256,0.0991,0.0964,0.16308,0.0472,0.0385,0.103144,13.2258,11.8086,15.4144,,,,0,,120,1,0,VK_PRESENT_MODE_IMMEDIATE_KHR,n/a,0,
nvrhi_vk_tex_mut_t01,rep2,nvrhi,vk,tex_mut,1,,0,ok,1482,50001,0x95bca375014e86d9,NVIDIA GeForce RTX 4050 Laptop GPU,11.5197,9.97359,13.8305,11.57,10.0251,13.8929,11.6217,10.0762,13.9387,11.3311,9.80086,13.4881,0.18555,0.159981,0.439943,1.6714,1.64628,2.04006,0.10985,0.1051,0.425233,0.0996,0.0969,0.391264,0.0478,0.0383,0.115757,13.4033,11.8492,15.8123,,,,0,,120,1,0,VK_PRESENT_MODE_IMMEDIATE_KHR,n/a,0,
nvrhi_vk_tex_mut_t01,rep3,nvrhi,vk,tex_mut,1,,0,ok,1440,50001,0x95bca375014e86d9,NVIDIA GeForce RTX 4050 Laptop GPU,11.9831,10.4362,14.0086,12.0429,10.4845,14.0835,12.0902,10.5392,14.1289,11.7951,10.2621,13.7206,0.18445,0.1602,0.319984,1.67105,1.63434,1.9481,0.1099,0.1048,0.195987,0.0994,0.096639,0.179179,0.0483,0.039478,0.100722,13.8558,12.2845,15.9393,,,,0,,120,1,0,VK_PRESENT_MODE_IMMEDIATE_KHR,n/a,0,
nvrhi_vk_tex_mut_t01,rep4,nvrhi,vk,tex_mut,1,,0,ok,1535,50001,0x95bca375014e86d9,NVIDIA GeForce RTX 4050 Laptop GPU,11.0931,9.7597,13.09,11.1482,9.80428,13.1672,11.1957,9.86197,13.1946,10.9036,9.58374,12.8576,0.1833,0.158102,0.326154,1.6654,1.6352,1.85544,0.1096,0.1053,0.197722,0.0993,0.096734,0.186946,0.0466,0.0378,0.099028,12.9649,11.6107,14.9987,,,,0,,120,1,0,VK_PRESENT_MODE_IMMEDIATE_KHR,n/a,0,
nvrhi_vk_tex_mut_t01,rep5,nvrhi,vk,tex_mut,1,,0,ok,1497,50001,0x95bca375014e86d9,NVIDIA GeForce RTX 4050 Laptop GPU,11.464,9.94718,13.4604,11.5125,9.99186,13.5124,11.5667,10.0663,13.5737,11.2653,9.77589,13.2612,0.1839,0.1593,0.311856,1.6617,1.6345,1.95376,0.1093,0.105,0.1517,0.0993,0.0967,0.1395,0.0477,0.0386,0.107716,13.3236,11.8117,15.4045,,,,0,,120,1,0,VK_PRESENT_MODE_IMMEDIATE_KHR,n/a,0,
nvrhi_vk_tex_mut_t01,rep6,nvrhi,vk,tex_mut,1,,0,ok,1503,50001,0x95bca375014e86d9,NVIDIA GeForce RTX 4050 Laptop GPU,11.3786,9.93654,13.5044,11.4391,9.9801,13.5765,11.488,10.0365,13.6052,11.1864,9.76162,13.2237,0.1833,0.160204,0.313624,1.6623,1.6335,1.97514,0.1095,0.105002,0.441648,0.0994,0.0967,0.427982,0.0474,0.038402,0.09479,13.2559,11.7787,15.4111,,,,0,,120,1,0,VK_PRESENT_MODE_IMMEDIATE_KHR,n/a,0,
nvrhi_vk_tex_mut_t01,rep7,nvrhi,vk,tex_mut,1,,0,ok,1502,50001,0x95bca375014e86d9,NVIDIA GeForce RTX 4050 Laptop GPU,11.3825,9.9262,13.4189,11.4332,9.97342,13.4959,11.4805,10.0251,13.5226,11.2001,9.74993,13.1645,0.1834,0.157907,0.304097,1.66185,1.6336,1.87246,0.1087,0.1042,0.166489,0.0989,0.0963,0.152768,0.04795,0.038401,0.100799,13.2658,11.7896,15.317,,,,0,,120,1,0,VK_PRESENT_MODE_IMMEDIATE_KHR,n/a,0,
nvrhi_vk_tex_mut_t01,rep8,nvrhi,vk,tex_mut,1,,0,ok,1462,50001,0x95bca375014e86d9,NVIDIA GeForce RTX 4050 Laptop GPU,11.7045,10.0851,14.2463,11.7554,10.1286,14.3222,11.8125,10.1853,14.4181,11.5063,9.89644,13.9575,0.186,0.159661,0.41623,1.681,1.6462,1.93792,0.1091,0.1043,0.515042,0.0988,0.0963,0.496968,0.0483,0.0384,0.100699,13.5948,11.957,16.253,,,,0,,120,1,0,VK_PRESENT_MODE_IMMEDIATE_KHR,n/a,0,
nvrhi_vk_tex_mut_t01,rep9,nvrhi,vk,tex_mut,1,,0,ok,1486,50001,0x95bca375014e86d9,NVIDIA GeForce RTX 4050 Laptop GPU,11.5489,9.8936,13.5762,11.6082,9.93428,13.6356,11.6577,9.9909,13.6769,11.3536,9.71955,13.3208,0.18355,0.15947,0.33026,1.6603,1.63261,1.99012,0.1089,0.104085,0.4612,0.0985,0.0959,0.44663,0.04735,0.03777,0.10668,13.4495,11.7559,15.4731,,,,0,,120,1,0,VK_PRESENT_MODE_IMMEDIATE_KHR,n/a,0,
nvrhi_vk_tex_mut_t02,rep1,nvrhi,vk,tex_mut,2,,0,ok,2483,50001,0x95bca375014e86d9,NVIDIA GeForce RTX 4050 Laptop GPU,6.5991,5.53889,9.82054,6.6498,5.58133,9.89287,6.7334,5.64196,10.029,6.3916,5.38151,9.46297,0.1752,0.149482,0.684826,1.0341,0.8394,1.73778,0.1122,0.1047,0.584432,0.1008,0.0977,0.571622,0.0471,0.035482,0.107172,7.9003,6.60755,11.3025,,,,0,,120,1,0,VK_PRESENT_MODE_IMMEDIATE_KHR,n/a,0,
nvrhi_vk_tex_mut_t02,rep2,nvrhi,vk,tex_mut,2,,0,ok,2573,50001,0x95bca375014e86d9,NVIDIA GeForce RTX 4050 Laptop GPU,6.0587,5.35282,7.95098,6.1104,5.39348,8.00041,6.176,5.45696,8.10004,5.8616,5.19313,7.72764,0.1765,0.149572,0.312744,1.3554,1.13165,2.23574,0.1124,0.1051,0.519124,0.1012,0.0981,0.50966,0.0476,0.0356,0.101228,7.7233,6.72525,9.68992,,,,0,,120,1,0,VK_PRESENT_MODE_IMMEDIATE_KHR,n/a,0,
nvrhi_vk_tex_mut_t02,rep3,nvrhi,vk,tex_mut,2,,0,ok,2707,50001,0x95bca375014e86d9,NVIDIA GeForce RTX 4050 Laptop GPU,6.0349,5.1259,8.27975,6.0891,5.16774,8.33362,6.1537,5.23875,8.55005,5.8457,4.94624,8.06827,0.1764,0.1467,0.435696,1.0213,0.83903,1.68529,0.1123,0.1052,0.526088,0.1016,0.0981,0.514836,0.0478,0.0343,0.103494,7.281,6.21205,9.79326,,,,0,,120,1,0,VK_PRESENT_MODE_IMMEDIATE_KHR,n/a,0,
nvrhi_vk_tex_mut_t02,rep4,nvrhi,vk,tex_mut,2,,0,ok,2600,50001,0x95bca375014e86d9,NVIDIA GeForce RTX 4050 Laptop GPU,6.3187,5.3975,8.28406,6.36955,5.4372,8.36328,6.4439,5.4979,8.41919,6.1183,5.2392,8.02408,0.1794,0.1484,0.397574,1.03965,0.840299,1.76521,0.1126,0.1044,0.507201,0.1012,0.0976,0.494706,0.0484,0.0345,0.105902,7.62015,6.49517,9.75471,,,,0,,120,1,0,VK_PRESENT_MODE_IMMEDIATE_KHR,n/a,0,
nvrhi_vk_tex_mut_t02,rep5,nvrhi,vk,tex_mut,2,,0,ok,2739,50001,0x95bca375014e86d9,NVIDIA GeForce RTX 4050 Laptop GPU,5.9327,5.08859,8.07933,5.9887,5.13047,8.15453,6.0611,5.20397,8.20448,5.7456,4.92018,7.72365,0.1731,0.147838,0.613886,1.0188,0.835638,1.65036,0.1114,0.1045,0.523586,0.1007,0.0977,0.506224,0.0458,0.033938,0.10391,7.2045,6.15437,9.52174,,,,0,,120,1,0,VK_PRESENT_MODE_IMMEDIATE_KHR,n/a,0,
nvrhi_vk_tex_mut_t02,rep6,nvrhi,vk,tex_mut,2,,0,ok,2462,50001,0x95bca375014e86d9,NVIDIA GeForce RTX 4050 Laptop GPU,6.68405,5.46125,10.0575,6.73565,5.50172,10.1227,6.8125,5.56561,10.1566,6.46815,5.30365,9.81139,0.176,0.1484,0.689724,1.03135,0.833344,1.75415,0.1117,0.1044,0.613695,0.1006,0.0974,0.603658,0.0476,0.034661,0.103439,7.9699,6.54394,11.3318,,,,0,,120,1,0,VK_PRESENT_MODE_IMMEDIATE_KHR,n/a,0,
nvrhi_vk_tex_mut_t04,rep1,nvrhi,vk,tex_mut,4,,0,ok,5471,50001,0x95bca375014e86d9,NVIDIA GeForce RTX 4050 Laptop GPU,2.8584,2.69858,4.56952,2.8992,2.73387,4.62422,2.9618,2.80095,4.68148,2.6988,2.5502,4.38914,0.1588,0.1417,0.22499,0.5294,0.4314,0.65291,0.1093,0.1048,0.1464,0.1023,0.0996,0.13743,0.0404,0.0325,0.06946,3.5518,3.3212,5.35831,,,,0,,120,1,0,VK_PRESENT_MODE_IMMEDIATE_KHR,n/a,0,
nvrhi_vk_tex_mut_t04,rep2,nvrhi,vk,tex_mut,4,,0,ok,5466,50001,0x95bca375014e86d9,NVIDIA GeForce RTX 4050 Laptop GPU,2.85735,2.69117,4.63806,2.89905,2.7257,4.68859,2.96005,2.79239,4.7443,2.6981,2.54637,4.46038,0.1578,0.141665,0.2226,0.525,0.4282,0.6439,0.1089,0.1046,0.1461,0.1017,0.0994,0.1367,0.0402,0.0324,0.068835,3.5476,3.30436,5.4443,,,,0,,120,1,0,VK_PRESENT_MODE_IMMEDIATE_KHR,n/a,0,
nvrhi_vk_tex_mut_t04,rep3,nvrhi,vk,tex_mut,4,,0,ok,5425,50001,0x95bca375014e86d9,NVIDIA GeForce RTX 4050 Laptop GPU,2.8894,2.7357,4.59789,2.9307,2.77162,4.652,2.992,2.83765,4.70017,2.729,2.58962,4.41233,0.1584,0.1422,0.222452,0.5274,0.4285,0.651976,0.1089,0.1048,0.1463,0.1018,0.0996,0.137052,0.0405,0.0328,0.068652,3.5792,3.34607,5.34544,,,,0,,120,1,0,VK_PRESENT_MODE_IMMEDIATE_KHR,n/a,0,
nvrhi_vk_tex_mut_t08,rep1,nvrhi,vk,tex_mut,8,,0,ok,6640,50001,0x95bca375014e86d9,NVIDIA GeForce RTX 4050 Laptop GPU,2.4488,2.07064,2.9762,2.4923,2.11134,3.03822,2.5546,2.1764,3.10117,2.27615,1.8872,2.78087,0.1721,0.1539,0.2394,0.369,0.341739,0.492061,0.1117,0.1074,0.151161,0.1044,0.1019,0.141861,0.0436,0.0368,0.071222,2.99515,2.61406,3.65504,,,,0,,120,1,0,VK_PRESENT_MODE_IMMEDIATE_KHR,n/a,0,
nvrhi_vk_tex_mut_t08,rep2,nvrhi,vk,tex_mut,8,,0,ok,6643,50001,0x95bca375014e86d9,NVIDIA GeForce RTX 4050 Laptop GPU,2.486,2.13072,3.06303,2.5287,2.17476,3.11245,2.5917,2.23474,3.16941,2.3174,1.95278,2.84755,0.168,0.1527,0.239548,0.3271,0.278442,0.442128,0.1117,0.1076,0.149358,0.1039,0.1016,0.140516,0.0418,0.0357,0.068864,2.9905,2.62195,3.64335,,,,0,,120,1,0,VK_PRESENT_MODE_IMMEDIATE_KHR,n/a,0,
nvrhi_vk_tex_mut_t08,rep3,nvrhi,vk,tex_mut,8,,0,ok,6640,50001,0x95bca375014e86d9,NVIDIA GeForce RTX 4050 Laptop GPU,2.49815,2.07212,3.04985,2.5406,2.11935,3.11002,2.6036,2.17762,3.16798,2.3287,1.88635,2.85278,0.1677,0.152339,0.231222,0.3237,0.2772,0.4291,0.1111,0.107239,0.1482,0.1037,0.1015,0.140322,0.0419,0.035639,0.069222,2.9999,2.57095,3.64878,,,,0,,120,1,0,VK_PRESENT_MODE_IMMEDIATE_KHR,n/a,0,
nvrhi_vk_tex_mut_t08,rep4,nvrhi,vk,tex_mut,8,,0,ok,6677,50001,0x95bca375014e86d9,NVIDIA GeForce RTX 4050 Laptop GPU,2.4743,2.12068,3.02708,2.517,2.15836,3.08381,2.5798,2.22818,3.1588,2.3076,1.94948,2.79752,0.1668,0.151876,0.234024,0.3233,0.2761,0.445056,0.111,0.1073,0.149,0.1038,0.1015,0.14,0.042,0.0358,0.069924,2.9762,2.6105,3.62092,,,,0,,120,1,0,VK_PRESENT_MODE_IMMEDIATE_KHR,n/a,0,
nvrhi_vk_tex_mut_t08,rep5,nvrhi,vk,tex_mut,8,,0,ok,6731,50001,0x95bca375014e86d9,NVIDIA GeForce RTX 4050 Laptop GPU,2.4561,2.04901,2.94572,2.4992,2.09455,3.02426,2.5624,2.16495,3.09434,2.286,1.85532,2.71043,0.1698,0.153,0.23334,0.3234,0.2795,0.46334,0.1123,0.108,0.15031,0.1048,0.10213,0.14164,0.0429,0.0365,0.07182,2.9604,2.55616,3.60413,,,,0,,120,1,0,VK_PRESENT_MODE_IMMEDIATE_KHR,n/a,0,
nvrhi_vk_tex_mut_t15,rep1,nvrhi,vk,tex_mut,15,,0,ok,8861,50001,0x95bca375014e86d9,NVIDIA GeForce RTX 4050 Laptop GPU,1.6881,1.49878,2.54754,1.7362,1.54276,2.60458,1.8031,1.6103,2.67758,1.4964,1.31914,2.33178,0.1886,0.1661,0.29616,0.2948,0.1952,0.52866,0.1198,0.1116,0.18548,0.1111,0.106,0.17632,0.0462,0.03816,0.09238,2.1854,1.92894,3.14306,,,,0,,120,1,0,VK_PRESENT_MODE_IMMEDIATE_KHR,n/a,0,
nvrhi_vk_tex_mut_t15,rep2,nvrhi,vk,tex_mut,15,,0,ok,8853,50001,0x95bca375014e86d9,NVIDIA GeForce RTX 4050 Laptop GPU,1.6888,1.50391,2.54129,1.7361,1.5462,2.59338,1.8047,1.6154,2.68268,1.4997,1.3238,2.30753,0.1884,0.165752,0.300588,0.2952,0.194452,0.51162,0.1194,0.1113,0.192196,0.1105,0.1059,0.181896,0.0452,0.0375,0.0917,2.1868,1.93397,3.12318,,,,0,,120,1,0,VK_PRESENT_MODE_IMMEDIATE_KHR,n/a,0,
nvrhi_vk_tex_mut_t15,rep3,nvrhi,vk,tex_mut,15,,0,ok,8817,50001,0x95bca375014e86d9,NVIDIA GeForce RTX 4050 Laptop GPU,1.6882,1.50072,2.58017,1.7377,1.54493,2.64303,1.8037,1.61126,2.7048,1.501,1.3261,2.33781,0.1851,0.1626,0.295052,0.2943,0.1925,0.531856,0.1205,0.1122,0.191684,0.1111,0.1062,0.182344,0.0471,0.0388,0.093968,2.1933,1.93542,3.17534,,,,0,,120,1,0,VK_PRESENT_MODE_IMMEDIATE_KHR,n/a,0,
nvrhi_vk_tex_mut_pc_t01,rep1,nvrhi,vk,tex_mut_pc,1,,0,ok,2300,50001,0x95bca375014e86d9,NVIDIA GeForce RTX 4050 Laptop GPU,6.7458,6.46238,8.73057,6.8044,6.50469,8.78592,6.74965,6.46659,8.73476,6.66745,6.40626,8.64253,0.0717,0.043199,0.140803,1.7155,1.6792,2.11184,0.0167,0.0099,0.046302,0.0039,0.0022,0.009401,0.0492,0.0359,0.101803,8.5882,8.2466,10.5599,,,,0,,120,1,0,VK_PRESENT_MODE_IMMEDIATE_KHR,n/a,0,
nvrhi_vk_tex_mut_pc_t01,rep2,nvrhi,vk,tex_mut_pc,1,,0,ok,2348,50001,0x95bca375014e86d9,NVIDIA GeForce RTX 4050 Laptop GPU,6.6416,6.42619,7.85053,6.69845,6.46616,7.90783,6.64565,6.42989,7.85467,6.5659,6.37154,7.76212,0.0698,0.042247,0.145001,1.6897,1.66459,2.07157,0.0157,0.009847,0.041859,0.0037,0.0022,0.0086,0.0488,0.035,0.099171,8.44505,8.18096,9.92132,,,,0,,120,1,0,VK_PRESENT_MODE_IMMEDIATE_KHR,n/a,0,
nvrhi_vk_tex_mut_pc_t01,rep3,nvrhi,vk,tex_mut_pc,1,,0,ok,2097,50001,0x95bca375014e86d9,NVIDIA GeForce RTX 4050 Laptop GPU,8.2761,6.52169,9.58275,8.3149,6.5668,9.63651,8.2825,6.52527,9.5868,8.2138,6.46107,9.50711,0.0733,0.043196,0.142436,1.6968,1.66418,2.09136,0.0162,0.0096,0.047276,0.0039,0.0021,0.009804,0.0502,0.036488,0.102012,10.0635,8.29688,11.5829,,,,0,,120,1,0,VK_PRESENT_MODE_IMMEDIATE_KHR,n/a,0,
nvrhi_vk_tex_mut_pc_t01,rep4,nvrhi,vk,tex_mut_pc,1,,0,ok,2330,50001,0x95bca375014e86d9,NVIDIA GeForce RTX 4050 Laptop GPU,6.7062,6.48428,7.79728,6.75945,6.52547,7.86081,6.70995,6.48773,7.80232,6.6346,6.42863,7.69333,0.0668,0.041629,0.134842,1.6909,1.6616,2.09416,0.0155,0.0096,0.045539,0.0035,0.002,0.007971,0.0469,0.034829,0.092768,8.5084,8.23736,9.66772,,,,0,,120,1,0,VK_PRESENT_MODE_IMMEDIATE_KHR,n/a,0,
nvrhi_vk_tex_mut_pc_t01,rep5,nvrhi,vk,tex_mut_pc,1,,0,ok,2276,50001,0x95bca375014e86d9,NVIDIA GeForce RTX 4050 Laptop GPU,6.89055,6.5932,8.10115,6.94945,6.63698,8.1515,6.89425,6.59857,8.1053,6.8094,6.53595,8.02893,0.07285,0.0423,0.149975,1.6964,1.6591,2.21022,0.0168,0.01,0.050325,0.004,0.0022,0.008925,0.0499,0.0353,0.106875,8.71015,8.3485,10.0802,,,,0,,120,1,0,VK_PRESENT_MODE_IMMEDIATE_KHR,n/a,0,
nvrhi_vk_tex_mut_pc_t01,rep6,nvrhi,vk,tex_mut_pc,1,,0,ok,2284,50001,0x95bca375014e86d9,NVIDIA GeForce RTX 4050 Laptop GPU,6.84115,6.60528,7.91484,6.8968,6.64686,7.96608,6.84545,6.6095,7.91921,6.76635,6.5522,7.79113,0.0681,0.043683,0.139353,1.737,1.68587,2.12653,0.0154,0.0099,0.052617,0.0037,0.0022,0.0091,0.0471,0.0361,0.096317,8.69315,8.39308,9.90397,,,,0,,120,1,0,VK_PRESENT_MODE_IMMEDIATE_KHR,n/a,0,
nvrhi_vk_tex_mut_pc_t02,rep1,nvrhi,vk,tex_mut_pc,2,,0,ok,4330,50001,0x95bca375014e86d9,NVIDIA GeForce RTX 4050 Laptop GPU,3.51195,3.43422,5.44284,3.552,3.46946,5.49623,3.5152,3.43682,5.44676,3.465,3.39639,5.37109,0.0453,0.0339,0.092642,0.92555,0.8347,1.14062,0.0103,0.007229,0.019671,0.003,0.0018,0.006,0.0398,0.0313,0.068471,4.54385,4.34699,6.46574,,,,0,,120,1,0,VK_PRESENT_MODE_IMMEDIATE_KHR,n/a,0,
nvrhi_vk_tex_mut_pc_t02,rep2,nvrhi,vk,tex_mut_pc,2,,0,ok,4348,50001,0x95bca375014e86d9,NVIDIA GeForce RTX 4050 Laptop GPU,3.4799,3.40245,5.23653,3.5206,3.43619,5.29028,3.48295,3.40544,5.23963,3.4327,3.36435,5.15295,0.046,0.034047,0.0976,0.95675,0.8486,1.24899,0.0101,0.007,0.018053,0.003,0.0018,0.0065,0.0393,0.0311,0.076206,4.53175,4.32509,6.36926,,,,0,,120,1,0,VK_PRESENT_MODE_IMMEDIATE_KHR,n/a,0,
nvrhi_vk_tex_mut_pc_t02,rep3,nvrhi,vk,tex_mut_pc,2,,0,ok,4227,50001,0x95bca375014e86d9,NVIDIA GeForce RTX 4050 Laptop GPU,3.5963,3.52405,5.39394,3.636,3.55825,5.44177,3.5995,3.52693,5.39847,3.5498,3.4878,5.32417,0.0454,0.0336,0.097922,0.9912,0.8482,1.25399,0.0109,0.0077,0.020174,0.0033,0.002,0.006974,0.0393,0.0313,0.075074,4.6719,4.45031,6.5861,,,,0,,120,1,0,VK_PRESENT_MODE_IMMEDIATE_KHR,n/a,0,
nvrhi_vk_tex_mut_pc_t04,rep1,nvrhi,vk,tex_mut_pc,4,,0,ok,7851,50001,0x95bca375014e86d9,NVIDIA GeForce RTX 4050 Laptop GPU,1.8761,1.7921,3.34395,1.9139,1.82405,3.3929,1.8791,1.7948,3.3482,1.8316,1.75515,3.27565,0.0422,0.03295,0.0824,0.5144,0.42345,0.6554,0.0094,0.0068,0.0179,0.0031,0.0021,0.0063,0.0371,0.0299,0.06115,2.4558,2.2875,3.98525,,,,0,,120,1,0,VK_PRESENT_MODE_IMMEDIATE_KHR,n/a,0,
nvrhi_vk_tex_mut_pc_t04,rep2,nvrhi,vk,tex_mut_pc,4,,0,ok,7756,50001,0x95bca375014e86d9,NVIDIA GeForce RTX 4050 Laptop GPU,1.89985,1.7939,3.43516,1.9389,1.82746,3.47994,1.9034,1.7972,3.44042,1.8541,1.75585,3.36774,0.0434,0.0338,0.083145,0.519,0.428055,0.663435,0.0097,0.0069,0.0183,0.0034,0.0022,0.0064,0.0379,0.0305,0.060745,2.48765,2.29951,4.07269,,,,0,,120,1,0,VK_PRESENT_MODE_IMMEDIATE_KHR,n/a,0,
nvrhi_vk_tex_mut_pc_t04,rep3,nvrhi,vk,tex_mut_pc,4,,0,ok,7920,50001,0x95bca375014e86d9,NVIDIA GeForce RTX 4050 Laptop GPU,1.8426,1.7399,3.45251,1.8824,1.7725,3.50348,1.8461,1.74252,3.45809,1.7963,1.70232,3.37683,0.0438,0.0339,0.0832,0.5204,0.427619,0.656224,0.0093,0.0065,0.017981,0.0033,0.0021,0.0066,0.0384,0.0308,0.0616,2.43,2.24463,4.07499,,,,0,,120,1,0,VK_PRESENT_MODE_IMMEDIATE_KHR,n/a,0,
nvrhi_vk_tex_mut_pc_t08,rep1,nvrhi,vk,tex_mut_pc,8,,0,ok,9052,50001,0x95bca375014e86d9,NVIDIA GeForce RTX 4050 Laptop GPU,1.8024,1.43555,2.14243,1.8428,1.47687,2.20068,1.8071,1.44066,2.14724,1.7476,1.37416,2.07013,0.0546,0.0452,0.0911,0.3268,0.274551,0.425947,0.0114,0.0088,0.020849,0.0045,0.0033,0.0082,0.0399,0.0352,0.061547,2.2022,1.82857,2.62217,,,,0,,120,1,0,VK_PRESENT_MODE_IMMEDIATE_KHR,n/a,0,
nvrhi_vk_tex_mut_pc_t08,rep2,nvrhi,vk,tex_mut_pc,8,,0,ok,9025,50001,0x95bca375014e86d9,NVIDIA GeForce RTX 4050 Laptop GPU,1.8,1.45522,2.17319,1.8424,1.5018,2.23044,1.8048,1.4603,2.17919,1.7422,1.3981,2.10601,0.0575,0.0465,0.095952,0.3294,0.276424,0.426704,0.0117,0.0087,0.0212,0.0048,0.0033,0.009076,0.0417,0.0359,0.064052,2.2055,1.86242,2.69279,,,,0,,120,1,0,VK_PRESENT_MODE_IMMEDIATE_KHR,n/a,0,
nvrhi_vk_tex_mut_pc_t08,rep3,nvrhi,vk,tex_mut_pc,8,,0,ok,9024,50001,0x95bca375014e86d9,NVIDIA GeForce RTX 4050 Laptop GPU,1.8088,1.46055,2.13681,1.8493,1.50315,2.18941,1.8135,1.46415,2.14299,1.7539,1.40361,2.05512,0.0547,0.0449,0.0905,0.3296,0.277623,0.423277,0.0115,0.0087,0.0204,0.0044,0.0033,0.008,0.0405,0.0352,0.061,2.2109,1.86208,2.65899,,,,0,,120,1,0,VK_PRESENT_MODE_IMMEDIATE_KHR,n/a,0,
nvrhi_vk_tex_mut_pc_t15,rep1,nvrhi,vk,tex_mut_pc,15,,0,ok,11661,50001,0x95bca375014e86d9,NVIDIA GeForce RTX 4050 Laptop GPU,1.249,1.0996,1.928,1.2999,1.14892,1.98218,1.2568,1.10676,1.93902,1.1752,1.03212,1.84178,0.0727,0.0577,0.14794,0.3089,0.19562,0.4987,0.0146,0.0105,0.0302,0.0073,0.0051,0.01974,0.0483,0.0399,0.1028,1.6513,1.4382,2.40854,,,,0,,120,1,0,VK_PRESENT_MODE_IMMEDIATE_KHR,n/a,0,
nvrhi_vk_tex_mut_pc_t15,rep2,nvrhi,vk,tex_mut_pc,15,,0,ok,11772,50001,0x95bca375014e86d9,NVIDIA GeForce RTX 4050 Laptop GPU,1.2375,1.086,1.94995,1.2854,1.1341,2.00312,1.2452,1.09367,1.95989,1.16565,1.02007,1.85782,0.0705,0.0571,0.140129,0.3088,0.199271,0.504887,0.0144,0.0107,0.0294,0.0073,0.0056,0.0198,0.0461,0.0386,0.091558,1.63555,1.43177,2.41629,,,,0,,120,1,0,VK_PRESENT_MODE_IMMEDIATE_KHR,n/a,0,
nvrhi_vk_tex_mut_pc_t15,rep3,nvrhi,vk,tex_mut_pc,15,,0,ok,11829,50001,0x95bca375014e86d9,NVIDIA GeForce RTX 4050 Laptop GPU,1.2328,1.09043,1.90744,1.2797,1.13723,1.95806,1.2401,1.0976,1.91559,1.1621,1.02586,1.82104,0.0698,0.0557,0.139872,0.3086,0.198728,0.490872,0.0138,0.0099,0.0272,0.0071,0.005,0.018,0.0456,0.0376,0.089772,1.6301,1.43296,2.36531,,,,0,,120,1,0,VK_PRESENT_MODE_IMMEDIATE_KHR,n/a,0,
nvrhi_vk_bindless_t01,rep1,nvrhi,vk,bindless,1,,0,ok,5446,50001,0x95bca375014e86d9,NVIDIA GeForce RTX 4050 Laptop GPU,1.7084,1.51724,2.77211,1.75665,1.55718,2.82984,1.7118,1.5197,2.77653,1.64715,1.47314,2.6807,0.0623,0.040645,0.1196,1.70405,1.646,2.2155,0.0165,0.01,0.03821,0.0034,0.0022,0.006,0.049,0.0371,0.091055,3.5195,3.25975,5.32456,,,,0,,120,1,0,VK_PRESENT_MODE_IMMEDIATE_KHR,n/a,0,
nvrhi_vk_bindless_t01,rep2,nvrhi,vk,bindless,1,,0,ok,5841,50001,0x95bca375014e86d9,NVIDIA GeForce RTX 4050 Laptop GPU,1.6401,1.5108,2.0725,1.6853,1.55396,2.13352,1.6433,1.51364,2.07744,1.5888,1.46578,1.97264,0.0498,0.0385,0.0907,1.6727,1.64834,1.87282,0.0171,0.01,0.035,0.0029,0.002,0.0053,0.0437,0.0369,0.06746,3.3993,3.2507,4.02064,,,,0,,120,1,0,VK_PRESENT_MODE_IMMEDIATE_KHR,n/a,0,
nvrhi_vk_bindless_t01,rep3,nvrhi,vk,bindless,1,,0,ok,5815,50001,0x95bca375014e86d9,NVIDIA GeForce RTX 4050 Laptop GPU,1.6466,1.52,2.19177,1.6913,1.56074,2.24672,1.6498,1.52301,2.19583,1.5939,1.4742,2.10452,0.0511,0.04,0.091388,1.677,1.65201,1.91716,0.0177,0.010314,0.036086,0.003,0.0021,0.0052,0.0439,0.037014,0.066,3.4102,3.25871,4.13954,,,,0,,120,1,0,VK_PRESENT_MODE_IMMEDIATE_KHR,n/a,0,
nvrhi_vk_bindless_t01,rep4,nvrhi,vk,bindless,1,,0,ok,5865,50001,0x95bca375014e86d9,NVIDIA GeForce RTX 4050 Laptop GPU,1.6312,1.5056,2.02563,1.6749,1.54683,2.09464,1.6343,1.50889,2.02966,1.5783,1.46069,1.94465,0.0505,0.039464,0.092308,1.6676,1.64606,1.87706,0.0168,0.01,0.034172,0.0031,0.0023,0.005,0.0431,0.0373,0.066172,3.3842,3.24132,3.95962,,,,0,,120,1,0,VK_PRESENT_MODE_IMMEDIATE_KHR,n/a,0,
nvrhi_vk_bindless_t01,rep5,nvrhi,vk,bindless,1,,0,ok,5842,50001,0x95bca375014e86d9,NVIDIA GeForce RTX 4050 Laptop GPU,1.6346,1.50796,2.0952,1.67875,1.55114,2.15342,1.6378,1.5109,2.10042,1.582,1.46204,2.00884,0.0511,0.0388,0.090477,1.6745,1.6504,1.89595,0.0166,0.0099,0.0324,0.003,0.0021,0.005259,0.0432,0.0366,0.065495,3.395,3.257,4.03304,,,,0,,120,1,0,VK_PRESENT_MODE_IMMEDIATE_KHR,n/a,0,
nvrhi_vk_bindless_t02,rep1,nvrhi,vk,bindless,2,,0,ok,10287,50001,0x95bca375014e86d9,NVIDIA GeForce RTX 4050 Laptop GPU,0.9485,0.8566,1.49504,0.9854,0.890258,1.54516,0.9519,0.8597,1.49881,0.9076,0.822186,1.42903,0.0388,0.0316,0.0771,0.8634,0.8173,1.09395,0.0097,0.0073,0.0176,0.0034,0.0024,0.0057,0.0367,0.0312,0.059614,1.9205,1.74199,2.5941,,,,0,,120,1,0,VK_PRESENT_MODE_IMMEDIATE_KHR,n/a,0,
nvrhi_vk_bindless_t02,rep2,nvrhi,vk,bindless,2,,0,ok,10268,50001,0x95bca375014e86d9,NVIDIA GeForce RTX 4050 Laptop GPU,0.9486,0.853567,1.47909,0.98645,0.8867,1.53153,0.9519,0.8565,1.48343,0.907,0.818767,1.41423,0.0401,0.0324,0.080133,0.8675,0.817067,1.095,0.0098,0.0073,0.017766,0.0032,0.0022,0.0056,0.0373,0.0316,0.0617,1.9237,1.7377,2.58462,,,,0,,120,1,0,VK_PRESENT_MODE_IMMEDIATE_KHR,n/a,0,
nvrhi_vk_bindless_t02,rep3,nvrhi,vk,bindless,2,,0,ok,10197,50001,0x95bca375014e86d9,NVIDIA GeForce RTX 4050 Laptop GPU,0.9557,0.856388,1.48862,0.9964,0.8931,1.53728,0.9591,0.8593,1.4929,0.9103,0.817696,1.418,0.044,0.0357,0.082604,0.8764,0.8329,1.10644,0.0105,0.008,0.0186,0.0034,0.0022,0.006,0.0399,0.0339,0.062708,1.9367,1.7604,2.59558,,,,0,,120,1,0,VK_PRESENT_MODE_IMMEDIATE_KHR,n/a,0,
nvrhi_vk_bindless_t04,rep1,nvrhi,vk,bindless,4,,0,ok,11724,50001,0x95bca375014e86d9,NVIDIA GeForce RTX 4050 Laptop GPU,0.9124,0.7817,1.21498,0.974,0.8307,1.28651,0.9187,0.788223,1.2194,0.8393,0.7258,1.11475,0.0669,0.0473,0.153054,0.6474,0.5109,0.8566,0.0138,0.0098,0.030577,0.0054,0.0036,0.018377,0.0527,0.0418,0.1279,1.7005,1.48072,2.12557,,,,0,,120,1,0,VK_PRESENT_MODE_IMMEDIATE_KHR,n/a,0,
nvrhi_vk_bindless_t04,rep2,nvrhi,vk,bindless,4,,0,ok,15940,50001,0x95bca375014e86d9,NVIDIA GeForce RTX 4050 Laptop GPU,0.6515,0.542339,1.05187,0.6914,0.576178,1.11786,0.6552,0.5459,1.05764,0.604,0.504439,0.978961,0.0463,0.0345,0.0926,0.4886,0.418239,0.670061,0.0135,0.0088,0.039961,0.0039,0.0025,0.0084,0.0401,0.0298,0.074083,1.21365,1.04954,1.79113,,,,0,,120,1,0,VK_PRESENT_MODE_IMMEDIATE_KHR,n/a,0,
nvrhi_vk_bindless_t04,rep3,nvrhi,vk,bindless,4,,0,ok,15904,50001,0x95bca375014e86d9,NVIDIA GeForce RTX 4050 Laptop GPU,0.6495,0.5365,1.10677,0.6907,0.570703,1.18018,0.6535,0.5399,1.11269,0.6016,0.498603,1.00828,0.0482,0.0336,0.098697,0.4893,0.4216,0.694476,0.0135,0.0083,0.0383,0.0039,0.0024,0.0092,0.0414,0.0296,0.0811,1.2141,1.049,1.87367,,,,0,,120,1,0,VK_PRESENT_MODE_IMMEDIATE_KHR,n/a,0,
nvrhi_vk_bindless_t04,rep4,nvrhi,vk,bindless,4,,0,ok,16068,50001,0x95bca375014e86d9,NVIDIA GeForce RTX 4050 Laptop GPU,0.6393,0.5361,1.03529,0.68015,0.571,1.10927,0.6434,0.5399,1.03973,0.5911,0.497267,0.951532,0.0476,0.0349,0.093733,0.4964,0.424767,0.688133,0.0132,0.0088,0.035433,0.0042,0.0027,0.008833,0.0412,0.0303,0.0772,1.2109,1.0504,1.80153,,,,0,,120,1,0,VK_PRESENT_MODE_IMMEDIATE_KHR,n/a,0,
nvrhi_vk_bindless_t04,rep5,nvrhi,vk,bindless,4,,0,ok,16034,50001,0x95bca375014e86d9,NVIDIA GeForce RTX 4050 Laptop GPU,0.6508,0.5375,1.0624,0.6916,0.5717,1.1351,0.6548,0.5412,1.06817,0.6036,0.499333,0.978869,0.0464,0.034,0.0937,0.4857,0.4179,0.669867,0.0126,0.0082,0.0352,0.0041,0.0027,0.0087,0.0405,0.0298,0.0765,1.2125,1.04413,1.81744,,,,0,,120,1,0,VK_PRESENT_MODE_IMMEDIATE_KHR,n/a,0,
nvrhi_vk_bindless_t04,rep6,nvrhi,vk,bindless,4,,0,ok,15873,50001,0x95bca375014e86d9,NVIDIA GeForce RTX 4050 Laptop GPU,0.6711,0.5374,1.06541,0.7132,0.5721,1.13515,0.6752,0.541572,1.0742,0.6227,0.499072,0.977768,0.0467,0.0342,0.097356,0.4864,0.4195,0.673728,0.0124,0.0081,0.036228,0.0041,0.0026,0.009328,0.0412,0.0303,0.078056,1.233,1.0419,1.82194,,,,0,,120,1,0,VK_PRESENT_MODE_IMMEDIATE_KHR,n/a,0,
nvrhi_vk_bindless_t08,rep1,nvrhi,vk,bindless,8,,0,ok,16737,50001,0x95bca375014e86d9,NVIDIA GeForce RTX 4050 Laptop GPU,0.5998,0.4753,1.01363,0.6513,0.5204,2.52382,0.6082,0.4805,1.02318,0.5338,0.429372,0.909176,0.0596,0.0404,0.143628,0.3568,0.301736,0.516112,0.0139,0.009,0.038464,0.0061,0.0039,0.0263,0.0444,0.0313,1.8095,1.0594,0.879836,2.91551,,,,0,,120,1,0,VK_PRESENT_MODE_IMMEDIATE_KHR,n/a,0,
nvrhi_vk_bindless_t08,rep10,nvrhi,vk,bindless,8,,0,ok,16369,50001,0x95bca375014e86d9,NVIDIA GeForce RTX 4050 Laptop GPU,0.5704,0.460668,0.979496,0.6404,0.513968,2.67192,0.5777,0.466168,0.987724,0.5051,0.4148,0.879228,0.0603,0.0388,0.142932,0.3213,0.2671,0.44678,0.0139,0.0091,0.0394,0.0067,0.0042,0.026832,0.0522,0.0316,2.09319,1.0126,0.857168,3.0233,,,,0,,120,1,0,VK_PRESENT_MODE_IMMEDIATE_KHR,n/a,0,
nvrhi_vk_bindless_t08,rep2,nvrhi,vk,bindless,8,,0,ok,16353,50001,0x95bca375014e86d9,NVIDIA GeForce RTX 4050 Laptop GPU,0.5712,0.4626,1.011,0.6427,0.5155,2.67782,0.5788,0.468052,1.02133,0.5075,0.417952,0.907668,0.0599,0.038,0.138296,0.3211,0.266752,0.466536,0.014,0.0093,0.036796,0.0065,0.0041,0.024348,0.0513,0.0315,2.10728,1.0152,0.857152,3.02802,,,,0,,120,1,0,VK_PRESENT_MODE_IMMEDIATE_KHR,n/a,0,
nvrhi_vk_bindless_t08,rep3,nvrhi,vk,bindless,8,,0,ok,16473,50001,0x95bca375014e86d9,NVIDIA GeForce RTX 4050 Laptop GPU,0.5919,0.467144,1.01198,0.6598,0.519444,2.63884,0.5997,0.472788,1.01973,0.5249,0.420588,0.90458,0.0621,0.0401,0.146556,0.3225,0.266772,0.457924,0.0141,0.0094,0.037728,0.0064,0.004,0.0253,0.0485,0.0317,2.00648,1.0341,0.860472,2.99516,,,,0,,120,1,0,VK_PRESENT_MODE_IMMEDIATE_KHR,n/a,0,
nvrhi_vk_bindless_t08,rep4,nvrhi,vk,bindless,8,,0,ok,16381,50001,0x95bca375014e86d9,NVIDIA GeForce RTX 4050 Laptop GPU,0.5727,0.4603,1.00832,0.6421,0.51328,2.66188,0.5801,0.466,1.01796,0.5066,0.4163,0.90376,0.0609,0.0386,0.14442,0.325,0.27008,0.45526,0.0137,0.009,0.03802,0.0065,0.0041,0.0257,0.0514,0.0309,2.0836,1.0182,0.85982,3.01832,,,,0,,120,1,0,VK_PRESENT_MODE_IMMEDIATE_KHR,n/a,0,
nvrhi_vk_bindless_t08,rep5,nvrhi,vk,bindless,8,,0,ok,16317,50001,0x95bca375014e86d9,NVIDIA GeForce RTX 4050 Laptop GPU,0.5642,0.4608,0.968704,0.6359,0.5152,2.68277,0.572,0.4662,0.975836,0.5006,0.416516,0.871552,0.0597,0.0382,0.137752,0.3206,0.2662,0.43922,0.0138,0.009,0.0365,0.0065,0.004,0.0242,0.0545,0.0316,2.10137,1.0052,0.855916,3.03678,,,,0,,120,1,0,VK_PRESENT_MODE_IMMEDIATE_KHR,n/a,0,
nvrhi_vk_bindless_t08,rep6,nvrhi,vk,bindless,8,,0,ok,16375,50001,0x95bca375014e86d9,NVIDIA GeForce RTX 4050 Laptop GPU,0.5704,0.461448,0.993026,0.6429,0.5136,2.67718,0.5779,0.467174,1.00218,0.5078,0.417774,0.896332,0.0592,0.037,0.1411,0.3213,0.267774,0.4478,0.0137,0.009,0.0368,0.0064,0.0041,0.024026,0.0521,0.0315,2.09351,1.0148,0.855974,3.04088,,,,0,,120,1,0,VK_PRESENT_MODE_IMMEDIATE_KHR,n/a,0,
nvrhi_vk_bindless_t08,rep7,nvrhi,vk,bindless,8,,0,ok,16425,50001,0x95bca375014e86d9,NVIDIA GeForce RTX 4050 Laptop GPU,0.5786,0.4652,0.991436,0.6489,0.5152,2.65905,0.5871,0.4715,1.00094,0.5108,0.418548,0.887008,0.0627,0.0402,0.149576,0.3229,0.268524,0.453728,0.0146,0.0096,0.040176,0.0071,0.0044,0.0283,0.051,0.0315,2.08178,1.0233,0.859248,3.01226,,,,0,,120,1,0,VK_PRESENT_MODE_IMMEDIATE_KHR,n/a,0,
nvrhi_vk_bindless_t08,rep8,nvrhi,vk,bindless,8,,0,ok,16394,50001,0x95bca375014e86d9,NVIDIA GeForce RTX 4050 Laptop GPU,0.5815,0.464486,0.996296,0.6506,0.5152,2.6493,0.5895,0.4704,1.00571,0.5167,0.419,0.892905,0.0603,0.039193,0.142307,0.3228,0.2679,0.448728,0.0138,0.0092,0.036807,0.0067,0.0044,0.0259,0.0498,0.0309,2.06673,1.0225,0.857393,3.00226,,,,0,,120,1,0,VK_PRESENT_MODE_IMMEDIATE_KHR,n/a,0,
nvrhi_vk_bindless_t08,rep9,nvrhi,vk,bindless,8,,0,ok,16408,50001,0x95bca375014e86d9,NVIDIA GeForce RTX 4050 Laptop GPU,0.5808,0.4642,1.00953,0.6506,0.513,2.6689,0.5887,0.4703,1.01743,0.5171,0.4203,0.900665,0.0598,0.0379,0.1423,0.3235,0.2683,0.45003,0.014,0.0091,0.036493,0.0066,0.0042,0.0245,0.0497,0.0316,2.08489,1.02395,0.8566,3.02256,,,,0,,120,1,0,VK_PRESENT_MODE_IMMEDIATE_KHR,n/a,0,
nvrhi_vk_bindless_t15,rep1,nvrhi,vk,bindless,15,,0,ok,14317,50001,0x95bca375014e86d9,NVIDIA GeForce RTX 4050 Laptop GPU,0.5276,0.370516,0.90952,0.8094,0.6217,2.5745,0.5389,0.3804,0.924972,0.4338,0.316416,0.786048,0.0734,0.0512,0.1863,0.2321,0.1757,0.36742,0.0183,0.0141,0.034184,0.0111,0.0083,0.020584,0.346,0.0404,1.99577,1.0647,0.931728,2.89648,,,,0,,120,1,0,VK_PRESENT_MODE_IMMEDIATE_KHR,n/a,0,
nvrhi_vk_bindless_t15,rep2,nvrhi,vk,bindless,15,,0,ok,14340,50001,0x95bca375014e86d9,NVIDIA GeForce RTX 4050 Laptop GPU,0.5366,0.379339,0.944505,0.8104,0.63579,2.58048,0.5473,0.388978,0.962193,0.4407,0.3234,0.824166,0.0738,0.0536,0.183661,0.2335,0.1757,0.363032,0.0181,0.0142,0.0337,0.0107,0.008,0.020561,0.3397,0.0406,1.98692,1.0648,0.94159,2.89096,,,,0,,120,1,0,VK_PRESENT_MODE_IMMEDIATE_KHR,n/a,0,
nvrhi_vk_bindless_t15,rep3,nvrhi,vk,bindless,15,,0,ok,14373,50001,0x95bca375014e86d9,NVIDIA GeForce RTX 4050 Laptop GPU,0.5386,0.3808,0.938,0.8095,0.623848,2.56288,0.5499,0.390744,0.95522,0.4408,0.324272,0.819264,0.076,0.0544,0.187756,0.2321,0.1757,0.365284,0.0184,0.0144,0.0336,0.0108,0.0081,0.0209,0.3364,0.0395,1.96617,1.0648,0.933444,2.88124,,,,0,,120,1,0,VK_PRESENT_MODE_IMMEDIATE_KHR,n/a,0,
